sim time,cam x,gazebo x,raw image received
0.057,,0.0,
0.059,,0.0,
0.06,,0.0,
0.061,,0.0,
0.061,,0.0,
0.061,,0.0,
0.061,,0.0,
0.061,,0.0,
0.061,,0.0,
0.061,,0.0,
0.061,,0.0,
0.061,,0.0,
0.061,,0.0,
0.061,,0.0,
0.061,,0.0,
0.061,,0.0,
0.061,,0.0,
0.061,,0.0,
0.061,,0.0,
0.079,,0.0,
0.079,,0.0,
0.079,,0.0,
0.079,,0.0,
0.082,,0.0,
0.082,,0.0,
0.082,,0.0,
0.082,,0.0,
0.082,,0.0,
0.082,,0.0,
0.091,,0.0,
0.091,,0.0,
0.091,,0.0,
0.091,,0.0,
0.091,,0.0,
0.094,,0.0,
0.094,,0.0,
0.094,,0.0,
0.094,,0.0,
0.095,,0.0,
0.095,,0.0,
0.095,,0.0,
0.098,,0.0,
0.098,,0.0,
0.098,,0.0,
0.101,,0.0,
0.101,,0.0,
0.101,,0.0,
0.104,,0.0,
0.104,,0.0,
0.104,,0.0,
0.108,,0.0,
0.108,,0.0,
0.108,,0.0,
0.108,,0.0,
0.114,,0.0,
0.114,,0.0,
0.114,,0.0,
0.117,,0.0,
0.117,,0.0,
0.117,,-2.68700177885787e-07,
0.12,,-5.647147600300479e-07,
0.12,,-8.627041190233917e-07,
0.12,,-1.1643588134589445e-06,
0.121,,-1.4762716192225406e-06,
0.121,,-1.7959787088252681e-06,
0.121,,-2.1233533696115917e-06,
0.126,,-2.4585299079745995e-06,
0.126,,-2.801655141730771e-06,
0.126,,-3.152865050842489e-06,
0.129,,-3.5122869970107463e-06,
0.129,,-3.880043378038379e-06,
0.129,,-4.256254294104445e-06,
0.132,,-4.641039324804295e-06,
0.135,,-5.034518695408101e-06,
0.135,,-5.43681649261558e-06,
0.135,,-5.848051897083157e-06,
0.135,,-6.268395338942651e-06,
0.135,,-6.697888776583293e-06,
0.138,,-7.136706301557567e-06,
0.138,,-7.561051708564165e-06,
0.147,,-8.02394928220635e-06,
0.147,,-8.501684739873264e-06,
0.148,,-8.949858960043968e-06,
0.148,,-9.428213191669972e-06,
0.148,,-9.927535013318065e-06,
0.156,,-1.0438914125220041e-05,
0.156,,-1.0960328705558981e-05,
0.156,,-1.1491933951135312e-05,
0.156,,-1.203388796635711e-05,
0.156,,-1.2586354641371399e-05,
0.156,,-1.3149898858155026e-05,
0.156,,-1.3724249745311774e-05,
0.156,,-1.430953762921422e-05,
0.156,,-1.4905997838934183e-05,
0.156,,-1.5513657217722137e-05,
0.156,,-1.6132660499688184e-05,
0.156,,-1.6763330713176678e-05,
0.156,,-1.740582448722092e-05,
0.156,,-1.8060308227477026e-05,
0.156,,-1.8726956981673105e-05,
0.156,,-1.9405953638098886e-05,
0.156,,-2.0097488272291574e-05,
0.156,,-2.0801757617103228e-05,
0.156,,-2.1518964635390964e-05,
0.156,,-2.224931817803131e-05,
0.156,,-2.299339453034749e-05,
0.156,,-2.3766213959904372e-05,
0.167,,-2.4509238592329452e-05,
0.167,,-2.5326896081381237e-05,
0.167,,-2.615631504291436e-05,
0.168,,-2.6997139193450202e-05,
0.17,,-2.7858496319616546e-05,
0.17,,-2.8740776779306966e-05,
0.171,,-2.964441204618728e-05,
0.171,,-3.05697927700183e-05,
0.171,,-3.1517282980923745e-05,
0.176,,-3.2487229613697775e-05,
0.176,,-3.34799694256085e-05,
0.176,,-3.449583399669626e-05,
0.178,,-3.553515333915466e-05,
0.178,,-3.659825850395298e-05,
0.18,,-3.768548346778846e-05,
0.18,,-3.879716650534546e-05,
0.183,,-3.9933651194497026e-05,
0.183,,-4.1095287160442945e-05,
0.183,,-4.222553212896093e-05,
0.183,,-4.346011394520588e-05,
0.184,,-4.463442610257569e-05,
0.184,,-4.587619118162489e-05,
0.184,,-4.713471891002389e-05,
0.184,,-4.841481694203282e-05,
0.189,,-4.971644502928741e-05,
0.189,,-5.10399703229681e-05,
0.193,,-5.238585239847504e-05,
0.193,,-5.375443431744384e-05,
0.193,,-5.514607213404643e-05,
0.193,,-5.656136189223216e-05,
0.194,,-5.8000694509177734e-05,
0.194,,-5.9464475225239164e-05,
0.194,,-6.095312236600112e-05,
0.194,,-6.246706649977208e-05,
0.194,,-6.400674976478392e-05,
0.194,,-6.557262533778511e-05,
0.194,,-6.716526935308602e-05,
0.194,,-6.878492714415398e-05,
0.194,,-7.043219971295576e-05,
0.194,,-7.210758126610292e-05,
0.194,,-7.377938752220274e-05,
0.194,,-7.556444519714268e-05,
0.194,,-7.725682590206306e-05,
0.194,,-7.904921263624673e-05,
0.194,,-8.086826034772134e-05,
0.194,,-8.271889336850803e-05,
0.194,,-8.460134899589768e-05,
0.194,,-8.651620213530876e-05,
0.194,,-8.846411475987009e-05,
0.194,,-9.0445601767506e-05,
0.194,,-9.246124907142796e-05,
0.194,,-9.451183549644199e-05,
0.194,,-9.659794189016643e-05,
0.194,,-9.872016739485997e-05,
0.194,,-0.00010087912819796138,
0.194,,-0.00010307545668776894,
0.194,,-0.0001053098007887479,
0.194,,-0.00010758282344700976,
0.194,,-0.00010989520224130327,
0.194,,-0.00011224762909892052,
0.194,,-0.00011464081009938526,
0.23,,-0.0001170754653516923,
0.23,,-0.00011955232893327817,
0.23,,-0.00012207550198665472,
0.23,,-0.0001246180564781608,
0.23,,-0.00012726677497668792,
0.231,,-0.00012995728870151632,
0.237,,-0.0001326885648958126,
0.237,,-0.00013547232180435655,
0.237,,-0.00013830977223330818,
0.237,,-0.00014120212909682497,
0.237,,-0.00014415051757167352,
0.242,,-0.00014712239489784263,
0.242,,-0.00015017333213634154,
0.242,,-0.00015327733988073315,
0.242,,-0.0001564341935460384,
0.242,,-0.00015964509987397086,
0.242,,-0.00016290556789421942,
0.242,,-0.00016621633467963894,
0.242,,-0.00016957571662085927,
0.242,,-0.00017298290945980997,
0.245,,-0.00017643741990066845,
0.245,,-0.0001799390033768203,
0.245,,-0.00018348732089777032,
0.245,,-0.00018708258724061113,
0.249,,-0.000190695264347287,
0.249,,-0.000194448691234377,
0.249,,-0.00019816420965588182,
0.249,,-0.00020201197692474435,
0.253,,-0.00020592531932234792,
0.253,,-0.0002099036552302565,
0.253,,-0.00021394528690578957,
0.256,,-0.00021804983330079702,
0.256,,-0.0002222160290238366,
0.256,,-0.00022644333281565711,
0.256,,-0.00023073150599366764,
0.263,,-0.0002350805936872323,
0.263,,-0.00023949006522629062,
0.263,,-0.00024396044714685209,
0.264,,-0.0002484586268041712,
0.265,,-0.00025312721980518823,
0.265,,,1
0.266,,-0.0002577825328473275,
0.267,,-0.0002625766962133303,
0.268,,-0.0002674230814487865,
0.269,,-0.0002723084629224557,
0.269,,-0.0002772200143369443,
0.269,,-0.00028215147676007794,
0.269,,-0.00028710505580609305,
0.269,,-0.00029208186595386864,
0.269,,-0.00029708305522675905,
0.269,,-0.00030211043746306693,
0.275,,-0.00030716532230012645,
0.275,,-0.000312249163404091,
0.275,,-0.0003173634383024691,
0.275,,-0.0003225096461253673,
0.284,,-0.00032768930588366766,
0.284,,-0.00033290395514705797,
0.284,,-0.0003381551490447702,
0.284,,-0.00034344445953093895,
0.284,,-0.00034877347485172714,
0.284,,-0.00035410027488983414,
0.287,,-0.00035942833419257126,
0.287,,-0.0003647105508026734,
0.288,,-0.00037012152810728913,
0.293,,-0.0003754434478006135,
0.293,,-0.00038079586385354844,
0.293,,-0.00038616149083833525,
0.293,,-0.0003915409220277859,
0.293,,-0.00039693734733172196,
0.297,,-0.0004023488964923334,
0.297,,-0.00040777704808999836,
0.297,,-0.00041322331126981195,
0.297,,-0.0004186892473376572,
0.303,,-0.00042417645567595016,
0.303,,-0.00042968656409196637,
0.303,,-0.00043522095600905214,
0.303,,-0.00044078171263055874,
0.303,,-0.00044637026671309207,
0.303,,-0.0004519882801827232,
0.309,,-0.00045763743049278085,
0.309,,-0.0004633194100278833,
0.309,,-0.00046903592566047007,
0.309,,-0.00047478869852135265,
0.309,,-0.00048057946389676244,
0.309,,-0.0004864099712318526,
0.309,,-0.0004922819842239848,
0.31,,-0.0004981972809918532,
0.311,,-0.0005041576543087534,
0.311,,-0.0005101649118902595,
0.318,,-0.0005161538962377994,
0.318,,-0.0005220960125005828,
0.318,,-0.0005280599772605988,
0.318,,-0.0005340984711155573,
0.318,,-0.0005401992451695773,
0.318,,-0.0005463643773127781,
0.319,,,1
0.32,,-0.0005525956262190976,
0.323,,-0.0005588948377431781,
0.323,,-0.0005652639073903912,
0.323,,-0.0005717047670608127,
0.324,,-0.0005782193776163102,
0.324,,-0.0005847216168685671,
0.326,,-0.000591320681614867,
0.327,,-0.0005979711140625573,
0.328,,-0.0006046969395283885,
0.329,,-0.0006115002702103564,
0.33,,-0.0006183832591244911,
0.33,0.0,,
0.33,,,1
0.33,,,1
0.33,,,1
0.332,,-0.0006253480676412597,
0.332,,-0.0006210588892243033,
0.333,,-0.0006136155342710439,
0.334,,-0.0006061817458989248,
0.334,0.0,,
0.334,,-0.0005987626246518146,
0.337,,-0.0005983554486850421,
0.337,,-0.0006053370954633139,
0.338,,-0.0006126498309615724,
0.338,,-0.0006199423713020018,
0.338,,-0.0006272774927042759,
0.341,,-0.0006346562428824595,
0.345,,-0.0006420860222910377,
0.346,,-0.0006495606321636219,
0.346,,-0.000657081305153825,
0.346,,-0.0006646554876696461,
0.346,,-0.0006722858123458757,
0.346,,,1
0.347,,-0.000679971527192072,
0.348,,-0.0006877149843146853,
0.348,0.0,,
0.352,,-0.0006955202416543267,
0.352,,-0.0007103877056711578,
0.352,,-0.0007326681611441268,
0.352,,-0.0007552907637032131,
0.352,,-0.0007779127488338823,
0.358,,-0.0008005976845743342,
0.358,,-0.0008233294703241043,
0.358,,-0.0008461084124697534,
0.358,,-0.0008689323827389787,
0.358,,-0.0008917991607628045,
0.36,,-0.0009147059425041881,
0.36,,-0.0009378592457810412,
0.362,,-0.0009610162283589477,
0.362,,-0.0009843926071247512,
0.364,,-0.001007772107067639,
0.364,,-0.001031369926388441,
0.366,,-0.0010549656745566635,
0.366,,-0.0010787755065366114,
0.366,,,1
0.37,,-0.0011025793817313837,
0.37,,-0.0011265933159374452,
0.37,,-0.0011505972054033664,
0.37,,-0.0011748073193011011,
0.371,,-0.0011990035710629787,
0.372,,-0.0012234021565408141,
0.372,0.0,,
0.378,,-0.0012477831292107642,
0.378,,-0.0012653581861321057,
0.378,,-0.0012755696365900789,
0.378,,-0.0012857282371496561,
0.378,,-0.00129592895324645,
0.378,,-0.0013063338765382873,
0.383,,-0.0013167392131348654,
0.383,,-0.0013273612489407885,
0.383,,-0.0013379876599872785,
0.383,,-0.0013488413374076861,
0.383,,-0.0013597063337255839,
0.383,,-0.001370801506894256,
0.383,,-0.0013819143925432988,
0.383,,-0.0013931345017733287,
0.39,,-0.0014043863126876608,
0.39,,-0.001415683146481855,
0.39,,-0.001427042715774004,
0.39,,-0.001438465858189592,
0.393,,-0.0014499564754316921,
0.393,,-0.0014615178806418332,
0.393,,-0.001473153564908505,
0.393,,-0.0014848671288574633,
0.398,,-0.0014966622786742342,
0.398,,-0.0015085425515223298,
0.398,,-0.001520511401172711,
0.398,,-0.0015325725273950678,
0.398,,-0.0015447297685356228,
0.398,,-0.0015569867755164128,
0.398,,-0.0015693471318778947,
0.398,,-0.0015818146544913912,
0.398,,-0.0015943932636444502,
0.398,,-0.0016070867451603717,
0.398,,,1
0.398,,-0.0016198988591446717,
0.398,,-0.0016328335527608406,
0.407,,-0.0016458948390603346,
0.408,,-0.0016590866613753546,
0.409,,-0.001672412968757629,
0.41,,-0.0016858778549367001,
0.41,0.00419549816,,
0.413,,-0.0016994854552030787,
0.413,,-0.0017062332769962722,
0.416,,-0.0017057807591855452,
0.416,,-0.0017052118048442875,
0.416,,-0.0017048708916162737,
0.416,,-0.0017047032746302611,
0.419,,-0.0017047313665516123,
0.419,,-0.0017049603828552414,
0.419,,-0.001705399715509878,
0.422,,-0.0017060598105828222,
0.422,,-0.0017069499867899756,
0.422,,-0.0017080788017700308,
0.426,,-0.0017094557005436376,
0.426,,-0.001711090994020969,
0.426,,-0.001712994055644238,
0.429,,-0.0017151741256105717,
0.429,,-0.0017176410154085846,
0.429,,-0.0017204050203553569,
0.429,,-0.0017234757727603994,
0.429,,-0.0017268630751255355,
0.429,,-0.0017305770443422992,
0.429,,-0.0017346281273124314,
0.436,,-0.0017390263103571686,
0.436,,-0.001743781890222006,
0.436,,-0.0017483539451260794,
0.436,,-0.0017533658201243382,
0.44,,-0.0017582347285205002,
0.44,,-0.0017636133199732539,
0.44,,-0.0017688599656568193,
0.44,,-0.0017745839568503456,
0.44,,-0.001780199894923551,
0.44,,-0.0017863684037221377,
0.44,,-0.00179245123562915,
0.44,,-0.001798485959637169,
0.447,,-0.0018045428756840154,
0.447,,-0.0018105628684065276,
0.447,,-0.0018166378120304317,
0.447,,,1
0.447,,-0.0018226917741162826,
0.448,,-0.0018288152345807553,
0.45,,-0.0018349416607503484,
0.451,,-0.001841168740278664,
0.452,,-0.0018474192225802842,
0.453,,-0.0018537833161261699,
0.453,,-0.0018601945265789926,
0.454,,-0.0018667492106108816,
0.455,,-0.0018733712185082642,
0.456,,-0.001880152408263224,
0.457,0.0,,
0.457,,-0.0018870252797030065,
0.467,,-0.0018870849800928704,
0.467,,-0.0018799059984742452,
0.467,,-0.0018726591754917382,
0.467,,-0.001865622086112381,
0.467,,-0.0018588260975331168,
0.467,,-0.0018521931383836201,
0.467,,-0.0018458348738515584,
0.467,,-0.0018396925560335699,
0.467,,-0.001833860532350684,
0.467,,-0.0018282569359840636,
0.468,,-0.0018229951500038563,
0.468,,-0.00181800962490708,
0.468,,-0.0018133964752664758,
0.471,,,1
0.472,,-0.0018090795981318861,
0.473,,-0.001805170103227764,
0.474,,-0.0018015990293218185,
0.474,,-0.0017984648056082453,
0.476,,-0.0017956947534176683,
0.476,,-0.001793333414907657,
0.478,,-0.0017913810389894682,
0.479,,-0.001789693086208617,
0.48,,-0.0017884464815019212,
0.48,0.0,,
0.481,,-0.0017872391429192291,
0.482,,-0.0017794491710492752,
0.486,,-0.0017641568578632486,
0.486,,-0.0017483041423459029,
0.486,,-0.0017324693090963721,
0.486,,-0.0017166344758507404,
0.486,,-0.001700650339108576,
0.486,,-0.0016846234510386933,
0.486,,-0.0016685644555905598,
0.489,,-0.001652492272576601,
0.489,,-0.0016364249533526113,
0.489,,-0.001620382545184873,
0.489,,-0.0016043855897426038,
0.496,,-0.001588388634300358,
0.496,,-0.0015725955446898446,
0.496,,-0.0015568892229404663,
0.499,,-0.0015412994610690897,
0.499,,-0.0015258983292225495,
0.499,,-0.0015106592896174315,
0.5,,-0.001495604077337658,
0.5,,-0.0014807556852469358,
0.5,,-0.001466137054727651,
0.5,,,1
0.503,,-0.00145177102669399,
0.504,,-0.001437680291240039,
0.505,,-0.0014237831929672584,
0.506,,-0.0014102020430068216,
0.507,,-0.0013971752927166806,
0.508,,-0.0013840981249553356,
0.509,,-0.0013704583307443082,
0.51,,-0.0013569617249389848,
0.511,,-0.001343465119080068,
0.512,,-0.001329895680099767,
0.513,,-0.001316277775869009,
0.514,,-0.0013026123165708592,
0.514,,-0.0012888946029252152,
0.516,,-0.0012751472620691432,
0.517,,-0.0012612287193081028,
0.517,0.0,,
0.52,,-0.0012473073538846685,
0.52,,-0.001233243575688114,
0.52,,-0.0012192425131649029,
0.52,,-0.0012050349176179857,
0.524,,-0.0011909609941979234,
0.524,,-0.0011767981824282031,
0.524,,-0.0011627865972300435,
0.524,,-0.0011487080100162656,
0.524,,-0.0011348431357466264,
0.524,,-0.001120944625132028,
0.527,,,1
0.528,,-0.0011072945708243613,
0.528,,-0.0010936745007697958,
0.53,,-0.001080348716313599,
0.531,,-0.0010670929184041715,
0.532,,-0.0010539205113510113,
0.533,,-0.0010405393469010826,
0.534,,-0.0010270410510991499,
0.535,,-0.0010134979094708208,
0.536,,-0.0009998094810935597,
0.537,,-0.0009864428837254142,
0.537,0.00419549816,,
0.542,,-0.0009727130699139968,
0.542,,-0.0009662201078198469,
0.542,,-0.0009669130910851085,
0.542,,-0.0009680544611369324,
0.542,,-0.0009689535680861444,
0.542,,-0.0009698864752855651,
0.546,,-0.0009707329585304813,
0.546,,-0.0009713580811626175,
0.546,,-0.0009719501013319388,
0.547,,-0.0009720532902874259,
0.547,,-0.0009722122866162074,
0.547,,-0.0009720429280607287,
0.547,,-0.0009719566100477178,
0.547,,-0.000971542373921327,
0.554,,-0.0009712425273827462,
0.554,,-0.000970673972481014,
0.554,,-0.00097026025470375,
0.555,,-0.0009696000957925171,
0.558,,-0.0009691281197006572,
0.558,,-0.000968450827971177,
0.558,,-0.0009680007388247514,
0.559,,-0.0009673772044251137,
0.563,,-0.0009670115756577042,
0.563,,-0.0009665093812482483,
0.563,,-0.0009653609148948162,
0.563,,-0.0009642178988985016,
0.563,,,1
0.563,,-0.0009624017882587741,
0.564,,-0.0009606561136205834,
0.565,0.0,,
0.568,,-0.0009586521411240619,
0.568,,-0.0009567217191993474,
0.568,,-0.0009543138056323453,
0.568,,-0.0009520466028071317,
0.577,,-0.0009494989768144877,
0.577,,-0.0009470998550728247,
0.577,,-0.0009443519749080828,
0.577,,-0.0009418050706401726,
0.577,,-0.0009390056456976154,
0.577,,-0.0009364302345307965,
0.577,,-0.0009335997501222546,
0.577,,-0.0009310327042625666,
0.577,,-0.0009282648398677133,
0.577,,-0.0009256197187865622,
0.577,,-0.0009228312476018337,
0.577,,-0.0009192664038669689,
0.577,,-0.0009157309142689146,
0.582,,-0.0009118741721715844,
0.582,,-0.0009080026258154617,
0.582,,-0.000903683917262463,
0.588,,-0.000899434622995881,
0.588,,-0.0008948597168039448,
0.588,,-0.0008903625956971563,
0.594,,-0.0008855237093143464,
0.594,,-0.0008808092588053663,
0.594,,-0.0008758111325951974,
0.594,,-0.0008709617367703456,
0.594,,-0.0008658492832444544,
0.594,,-0.0008605902498213177,
0.594,,-0.0008551753775341484,
0.598,,-0.0008496315891322029,
0.598,,-0.0008439323279771223,
0.598,,-0.0008382291247173668,
0.599,,-0.0008324106003721085,
0.599,,-0.0008265716450715725,
0.599,,-0.0008206490676355078,
0.605,,-0.0008147592595948566,
0.605,,-0.0008088169791115632,
0.605,,-0.0008021806377645937,
0.605,,-0.0007956270839171425,
0.605,,-0.0007886728259712485,
0.605,,-0.0007818036911962336,
0.605,,-0.0007745403658524299,
0.605,,-0.0007674062793495975,
0.605,,-0.0007599159423937118,
0.61,,,1
0.61,,-0.0007525856165729127,
0.611,,-0.0007449267491784033,
0.613,,-0.0007374561085758307,
0.614,,-0.0007296901255490148,
0.615,,-0.0007221485364139506,
0.616,,-0.0007143417694997696,
0.617,,-0.0007059398367841291,
0.617,0.0,,
0.618,,-0.0006974537706243366,
0.618,,-0.0006817977325212425,
0.618,,-0.0006586285529295702,
0.621,,-0.0006348580425513305,
0.623,,-0.0006111203258017239,
0.623,,-0.0005872050501995469,
0.626,,-0.0005632420161119146,
0.626,,-0.0005391044337211134,
0.626,,-0.000514986174363998,
0.626,,-0.0004907520465984754,
0.626,,-0.00046656370787197623,
0.626,,-0.0004422915589131027,
0.632,,-0.00041810618831973444,
0.632,,-0.0003938761302947849,
0.632,,-0.00036977392737437244,
0.635,,-0.00034566738423386876,
0.635,,-0.00032172291338334284,
0.635,,-0.0002976226838830535,
0.636,,-0.0002735730785025769,
0.636,,-0.00024942584792685054,
0.636,,-0.00022538143698131374,
0.636,,-0.00020137269787349641,
0.642,,-0.00017742547790526207,
0.642,,-0.00015355463478675728,
0.642,,-0.00012978369056017755,
0.645,,-0.00010612919883142746,
0.645,,-8.247470710274292e-05,
0.645,,-5.918670343702838e-05,
0.648,,-3.6071133170465e-05,
0.648,,-1.3137291385310845e-05,
0.648,,9.588163859453179e-06,
0.651,,3.208485909823009e-05,
0.651,,5.4332378528501e-05,
0.651,,7.63103207985703e-05,
0.654,,9.79937961533383e-05,
0.654,,0.00011936609829487594,
0.654,,0.00014076139598251627,
0.657,,0.0001620780494132202,
0.657,,0.00018330531361741498,
0.657,,0.0002045874174206055,
0.657,,0.00022538173662061642,
0.657,,0.0002461925731634371,
0.657,,0.0002668787871387982,
0.663,,0.0002873161917557639,
0.663,,0.00030754486205128624,
0.663,,0.0003275441553919914,
0.666,,0.0003477163736492954,
0.666,,0.00036790810562301003,
0.666,,0.00038812376329213526,
0.666,,0.0004083394209612896,
0.666,,0.00042853175560494147,
0.666,,0.00044867491133353444,
0.666,,,1
0.666,,0.0004687599911533898,
0.671,,0.0004887688221214237,
0.672,,0.0005086821360111987,
0.673,,0.0005284799813205948,
0.676,,0.0005481419983494132,
0.676,,0.0005676475971433378,
0.676,,0.0005869760695412353,
0.676,,0.0006061066570673898,
0.677,0.0,,
0.677,,0.0006252372445934027,
0.677,,0.0006448274114109635,
0.677,,0.0006644154930276982,
0.677,,0.0006840320030650602,
0.677,,0.0007036626006254627,
0.685,,0.0007232908232543654,
0.685,,0.0007428987254863945,
0.685,,0.0007624673756289032,
0.688,,0.0007819771949439875,
0.688,,0.0008014081869592889,
0.688,,0.0008207588321857485,
0.691,,0.0008399100103287049,
0.691,,0.0008592414172506463,
0.691,,0.0008786349094189741,
0.694,,0.0008982131351348114,
0.694,,0.0009179163722472308,
0.694,,0.0009377303784164998,
0.697,,0.0009575443845858764,
0.697,,0.0009775808071743612,
0.697,,0.0009976352719265054,
0.7,,0.001017711190298122,
0.7,,0.0010377951049732913,
0.7,,0.0010578656567291288,
0.702,,0.001077904860299846,
0.702,,0.0010978939909013362,
0.708,,0.0011178137040192117,
0.708,,0.0011376442385071682,
0.708,,0.0011573655563913508,
0.708,,0.0011770868742754684,
0.708,,0.0011964436188610103,
0.708,,0.0012156360418327634,
0.708,,,1
0.709,,0.0012346536711367703,
0.71,,0.001253477086223877,
0.711,,0.0012720795213292228,
0.712,,0.0012904385534560953,
0.713,,0.0013085320775441276,
0.714,,0.0013263381627128387,
0.714,,0.0013445909344579204,
0.716,,0.001362817245758682,
0.716,,0.001381047856485095,
0.718,,0.00139926309278871,
0.719,,0.001418119046136492,
0.72,,0.001437246636010711,
0.72,0.0,,
0.724,,0.001456590145826236,
0.724,,0.0014760504178278802,
0.724,,0.0014958310284759503,
0.724,,0.0015157364924883346,
0.727,,0.001535833517309735,
0.727,,0.0015559946161917621,
0.727,,0.0015763597081863536,
0.73,,0.0015967544242781267,
0.73,,0.0016172827995875052,
0.73,,0.001637800293665473,
0.733,,0.0016584267318199588,
0.733,,0.0016790000387380583,
0.733,,0.001699634953137582,
0.736,,0.0017201781473473292,
0.736,,0.001740744666637885,
0.736,,0.0017617391849726503,
0.739,,0.0017826666484854713,
0.739,,0.0018040022511814193,
0.739,,0.0018251805375162358,
0.742,,0.0018465367077466195,
0.742,,0.001867739401091724,
0.742,,0.0018891906619778831,
0.745,,0.0019104161223748434,
0.745,,0.0019317926428760702,
0.745,,0.0019535049563334,
0.745,,,1
0.745,,0.0019752627044548852,
0.747,,0.0019971124849099023,
0.747,,0.0020189918696598653,
0.749,,0.002041580369572036,
0.749,0.0,,
0.756,,0.002064069622558056,
0.756,,0.002086934705340436,
0.756,,0.0021096942503405257,
0.756,,0.0021328473011157163,
0.759,,0.0021565934207345636,
0.759,,0.0021805181425787724,
0.759,,0.0022045562749809164,
0.759,,0.0022288770135201097,
0.759,,0.0022534966632127003,
0.759,,0.002278265470358726,
0.76,,0.0023031747782518634,
0.761,,0.0023282529759332776,
0.761,,0.0023534972286798923,
0.763,,0.002378838540378082,
0.763,,0.0024042755935389424,
0.763,,0.0024297906560118428,
0.768,,0.0024553790378586014,
0.768,,0.002480997953785661,
0.768,,0.002506645652778344,
0.771,,0.0025322902411944303,
0.771,,0.002557928005732164,
0.771,,0.0025835237597491806,
0.774,,0.0026090745903093755,
0.774,,0.0026345450293952313,
0.774,,0.0026603439535144414,
0.777,,0.002686455904049682,
0.777,,0.002712757554653974,
0.777,,0.0027394698904738336,
0.777,,,1
0.777,,0.0027669057077930295,
0.777,,0.0027947657461407966,
0.777,,0.002823050114286382,
0.777,,0.0028517461740802242,
0.782,,0.0028808398773292223,
0.782,0.0,,
0.782,,0.0029103161797538707,
0.782,,0.0029397924821787814,
0.782,,0.0029702052543425744,
0.785,,0.0030008799991642233,
0.785,,0.0030318255344350883,
0.785,,0.0030630389371517175,
0.791,,0.0030945131004403627,
0.791,,0.0031262379446974067,
0.791,,0.003158201289474764,
0.797,,0.003190389477490186,
0.797,,0.003222787819796022,
0.797,,0.0032553809122006453,
0.797,,0.003288152859217674,
0.797,,0.0033209248062348144,
0.797,,0.0033544957230716064,
0.797,,0.0033882801562884197,
0.797,,0.0034222445404984464,
0.797,,0.003456385627394941,
0.797,,0.0034906962921456433,
0.804,,0.0035251665903271814,
0.804,,0.003559784583893262,
0.804,,0.003594536933019051,
0.808,,0.0036294093185361125,
0.808,,0.003664693253217115,
0.808,,0.0037000742779831107,
0.808,,0.0037360080167107013,
0.808,,0.0037721275497961198,
0.808,,,1
0.81,,0.003808393202171712,
0.811,,0.0038446924054943866,
0.812,,0.0038813613594006822,
0.813,,0.0039180821543502616,
0.814,,0.003954984020556921,
0.815,,0.003991886465617072,
0.816,,0.0040291736988146195,
0.817,,0.004066764477725883,
0.818,,0.004104528285686221,
0.819,,0.004142603022879018,
0.82,,0.004180895824840501,
0.821,,0.004219304403786479,
0.822,,0.004257865835066966,
0.822,0.0,,
0.825,,0.004296613463148441,
0.825,,0.0043354974385269454,
0.825,,0.004374475894316165,
0.828,,0.004413555120786222,
0.828,,0.004452733445837402,
0.828,,0.004491982786106011,
0.831,,0.004531281148679735,
0.831,,0.004570620465208345,
0.831,,0.004609988127921566,
0.834,,0.00464936547338177,
0.834,,0.004688736238091642,
0.834,,0.004728086667042032,
0.834,,0.004767401232434171,
0.834,,0.004806664685792386,
0.834,,0.004845861951678372,
0.837,,0.004884977456865066,
0.837,,0.004923995114223384,
0.837,,0.004963375880464715,
0.845,,0.005003132595317111,
0.845,,0.005042961886375799,
0.845,,0.005083145399084052,
0.845,,0.005123499738112378,
0.845,,0.005164067215587926,
0.849,,0.005204698611630539,
0.849,,0.005245591784820955,
0.849,,0.005286556830145207,
0.849,,0.005327705969145215,
0.849,,0.005368879718623663,
0.849,,0.0054102363435016955,
0.849,,0.005451595480772857,
0.849,,0.005493092570231953,
0.849,,0.005534560338009665,
0.854,,0.0055761445448040655,
0.854,,0.005617670317245682,
0.854,,0.005659279895246393,
0.854,,0.0057008022313352735,
0.854,,0.0057423800026137175,
0.854,,0.005783840529115535,
0.854,,0.005825327450153307,
0.861,,,1
0.862,,0.005866668315316987,
0.863,,0.005908005470727747,
0.864,,0.005949166794325047,
0.865,,0.005990295848497765,
0.865,-0.00419549816,,
0.869,,0.006031219782588968,
0.869,,0.006079097319541557,
0.869,,0.006134114218692802,
0.869,,0.006189634021473696,
0.872,,0.006244794117062139,
0.872,,0.006300092201023604,
0.872,,0.006356464292224804,
0.875,,0.0064127200596986065,
0.875,,0.0064692750047264415,
0.875,,0.006525888196710269,
0.878,,0.006582721114979226,
0.878,,0.006639703177727264,
0.878,,0.006696814087716577,
0.878,,0.006754043344773831,
0.878,,0.006811361455632917,
0.878,,0.006868848720554002,
0.878,,0.006926119149723365,
0.878,,0.006983816833316788,
0.883,,0.007041321535547406,
0.883,,0.0070994733023956955,
0.883,,0.0071578465428443665,
0.886,,0.007216461535246892,
0.886,,0.0072753000511163405,
0.886,,0.007334359979184678,
0.892,,0.007393617330411129,
0.892,,0.007452928406646518,
0.892,,0.007512689664236829,
0.896,,0.007572531859253168,
0.896,,0.0076325093437034875,
0.896,,0.007692442198277454,
0.896,,0.007752661169230955,
0.899,,0.007812846028760456,
0.899,,0.007873173317395439,
0.899,,0.007933400504461376,
0.902,,0.007993794947454263,
0.902,,0.00805406257748811,
0.906,,0.0081144336932082,
0.909,,0.008174649508926851,
0.909,,0.008234942480783502,
0.909,,0.008295040624476347,
0.909,,0.008355179407085675,
0.909,,0.008415110355961904,
0.909,,0.008475626655726076,
0.909,,0.008537324142815685,
0.91,,0.008599341423139907,
0.91,,0.008661716601889741,
0.918,,0.008724336095276779,
0.918,,0.008787548934908667,
0.918,,0.00885096750855884,
0.918,,0.008914779132021211,
0.918,,0.008978774187216782,
0.918,,0.009043235130695777,
0.918,,0.009107833997378622,
0.921,,0.009172799960639756,
0.921,,0.0092378823171305,
0.921,,0.009303340167108185,
0.921,,0.009369431813088741,
0.921,,,1
0.922,,0.009435733731644807,
0.924,,0.009502838020692666,
0.925,,0.009570176760072546,
0.926,,0.00963777509616996,
0.927,,0.009705574710169777,
0.928,,0.00977394930218856,
0.929,,0.009842472308962038,
0.93,,0.009911311559668018,
0.931,,0.009980296936515068,
0.932,,0.010049715258979732,
0.932,,0.010119265132132212,
0.933,-0.00419549816,,
0.937,,0.010189119123647724,
0.937,,0.010266514100866377,
0.937,,0.01035149472222615,
0.937,,0.01043690004131699,
0.94,,0.010522489484883152,
0.94,,0.010608421916598327,
0.94,,0.010694529533340737,
0.941,,0.01078079887174478,
0.944,,0.01086722960353112,
0.944,,0.010953863779316097,
0.944,,0.011040605412989672,
0.947,,0.011127468065618434,
0.947,,0.011214412539170661,
0.947,,0.01130146541387163,
0.948,,0.011390068666043527,
0.951,,0.011479849077203423,
0.951,,0.011570124669315313,
0.951,,0.011660939478558884,
0.954,,0.011752558556873653,
0.954,,0.011844749605057828,
0.954,,0.011937430346516405,
0.955,,0.012030628047583244,
0.958,,0.012124469651752238,
0.958,,0.012218797135342303,
0.958,,0.012313742438325182,
0.959,,0.012409118989385385,
0.962,,0.012505181762005893,
0.962,,0.012601655065285811,
0.962,,0.0126985954377169,
0.962,,0.012795928321374073,
0.966,,0.012893830703364756,
0.966,,0.012992075812488625,
0.966,,0.0130907707325484,
0.969,,0.01318979727067472,
0.969,,0.013289302551258236,
0.969,,0.013389092312029382,
0.972,,0.013489293103485631,
0.972,,0.013590383418212892,
0.972,,0.013691751853807914,
0.975,,0.013793917152382715,
0.975,,0.013896417747842817,
0.975,,0.013999370266168399,
0.978,,0.014102596732697217,
0.978,,0.01420647162257474,
0.978,,0.014310598364941437,
0.981,,0.014415193971105498,
0.981,,0.014520020521648361,
0.981,,0.014625390340786514,
0.982,,0.014730953501360914,
0.985,,0.014836967427908977,
0.985,,0.014943158670748519,
0.985,,0.015049816437289563,
0.985,,,1
0.985,,0.015156615973160058,
0.985,,0.015263829714436667,
0.985,,0.015373371972805815,
0.989,,0.015482931893086166,
0.99,,0.015592491813367054,
0.991,,0.01570312859422243,
0.991,-0.00839099632,,
0.996,,0.015814497745256412,
0.996,,0.015915481807751597,
0.996,,0.016013991563934873,
0.996,,0.016113313569441422,
0.996,,0.01621344800517362,
0.997,,0.016314393572051073,
1.001,,0.01641614794930616,
1.001,,0.016518708125379974,
1.001,,0.01662207064166504,
1.001,,0.016725433157950637,
1.004,,0.016830866826516012,
1.004,,0.016936954880958595,
1.004,,0.01704373271911011,
1.007,,0.01715122298880949,
1.007,,0.01725944140043268,
1.007,,0.017368398601817298,
1.007,,0.017478101571379183,
1.007,,0.0175885546482769,
1.007,,0.017699760293155894,
1.008,,0.017811719649118644,
1.008,,0.017924432954733574,
1.008,,0.018037899847589092,
1.016,,0.018152119586981225,
1.016,,0.018267091216938054,
1.019,,0.01838206284689537,
1.019,,0.018498979871151493,
1.019,,0.018616518342047448,
1.019,,0.018734714605414735,
1.019,,0.01885359229829889,
1.019,,0.018973168721280693,
1.019,,0.019093456550383567,
1.025,,0.01921446510969191,
1.028,,0.019336201313482886,
1.028,,0.01945867036282666,
1.028,,0.019581876259954424,
1.028,,0.019705822187517222,
1.028,,0.019830510787783657,
1.028,,0.019955944367820652,
1.034,,,1
1.034,,0.020082125049992225,
1.034,,0.02020830573216428,
1.034,,0.020336429434233843,
1.034,,0.020465180362900737,
1.034,,0.020594597721607866,
1.035,,0.020724707840918236,
1.036,,0.020855530889559992,
1.036,,0.020987082528299547,
1.037,,0.02111937514204958,
1.039,,0.021252418754620337,
1.04,,0.021386221707064442,
1.041,,0.021520791160079423,
1.041,-0.01258649448,,
1.041,,,1
1.041,,0.021656133465593426,
1.042,,0.021803592632359516,
1.043,,0.021955036650558712,
1.044,-0.01678199264,,
1.047,,0.022106480668758432,
1.047,,0.022259934367023126,
1.047,,0.02241403409361217,
1.049,,0.022568819771650005,
1.049,,0.022724317732750486,
1.049,,0.02288054774778965,
1.049,,0.02303752479907877,
1.049,,0.023195260396887823,
1.049,,0.02335376355458537,
1.049,,0.023513041510007538,
1.049,,0.023673100258374533,
1.059,,0.023833944945406676,
1.059,,0.023995580156845123,
1.059,,0.024157671997093393,
1.059,,0.024321226934429747,
1.06,,0.024485901581864103,
1.064,,0.02465091386894093,
1.064,,0.024816495487484585,
1.064,,0.024983318588198505,
1.064,,0.025151033136676455,
1.067,,0.025319335335035466,
1.067,,0.02548836441046484,
1.067,,0.02565847530531317,
1.072,,0.025829411647947515,
1.072,,0.026001087697387112,
1.072,,0.026173560225769346,
1.072,,0.026347037028755033,
1.072,,0.02652133424975674,
1.072,,0.026696466389754703,
1.072,,0.02687243349559875,
1.072,,0.027049376810884877,
1.072,,0.027227159846353526,
1.08,,0.027405842155734567,
1.08,,0.02758538953447033,
1.08,,0.02776591399603575,
1.08,,0.027947307617231947,
1.084,,0.028129649647751078,
1.084,,0.028312886950631364,
1.084,,0.028497119183175212,
1.084,,0.028682255013883832,
1.084,,0.028868381984679847,
1.084,,0.029055437362309807,
1.086,,0.029243515836238968,
1.086,,0.029432535673074446,
1.086,,0.029622587691940813,
1.086,,0.02981360489047288,
1.091,,,1
1.091,,0.03000568006681084,
1.092,,0.030198737230976946,
1.093,,0.030392868311545487,
1.094,,0.03058800494464144,
1.094,,0.030784239196966295,
1.096,,0.030981498790348446,
1.097,,0.031179875815338674,
1.098,,0.03137930208238922,
1.098,-0.020977490799999998,,
1.101,,0.03157986925312144,
1.101,,0.03178850052321668,
1.101,,0.032005722393200466,
1.101,,0.032224281331513546,
1.105,,0.03244386503724919,
1.105,,0.03266457505117241,
1.105,,0.03288656508694881,
1.108,,0.03310967312043349,
1.108,,0.03333395116838232,
1.108,,0.03355938704642013,
1.111,,0.033786100465555934,
1.111,,0.03401397149970126,
1.111,,0.03424308042860351,
1.112,,0.03447338579516913,
1.115,,0.034704989253699824,
1.115,,0.03493779531705016,
1.115,,0.035171894105435794,
1.115,,,1
1.115,,0.03540722988205007,
1.12,,0.03564372071343248,
1.12,,0.0358813284418848,
1.12,,0.03611984971786297,
1.12,,0.036359874945122,
1.121,,0.03660072935928691,
1.121,,0.03684287468448112,
1.123,,0.037085865733481306,
1.123,-0.02936848712,,
1.124,,0.03733034334947377,
1.124,,0.03758255469681022,
1.124,,0.03784329965206903,
1.124,,0.0381050163180919,
1.124,,0.038367483451937426,
1.131,,0.03863116315549734,
1.131,,0.03889566484794597,
1.131,,0.0391611072783285,
1.134,,0.03942735645730181,
1.134,,0.0396947808064966,
1.134,,0.03996305641536285,
1.139,,0.04023238447146284,
1.139,,0.0405025919376152,
1.139,,0.04077398435287555,
1.139,,0.041046277623552285,
1.139,,0.04131970787955321,
1.143,,0.041594079866043035,
1.143,,0.04186966861418738,
1.143,,0.04214621649221485,
1.143,,0.04242397165765989,
1.143,,0.04270272800256855,
1.145,,0.042982744394914715,
1.149,,0.04326378131943869,
1.149,,0.04354608818364123,
1.149,,0.043829455232742086,
1.15,,0.044114037034561196,
1.15,,0.044399612017451774,
1.155,,,1
1.156,,0.0446871736543734,
1.156,,0.04497574583740404,
1.156,,0.0452647058407017,
1.156,,0.04555504084050726,
1.156,,0.0458469476684201,
1.156,,0.046139884339206114,
1.157,,0.0464336169692776,
1.158,,0.04672878644081859,
1.159,,0.04702533518080819,
1.16,,0.04732299820964115,
1.16,,0.04762170297451869,
1.162,,0.04792186170331957,
1.163,,0.04822332958455656,
1.164,,0.048526182455259234,
1.165,,0.04883017676240861,
1.166,,0.049135450044741465,
1.167,,0.04944208899370372,
1.167,,0.04975008926517038,
1.169,,0.05005933260746806,
1.17,,0.05036993308301412,
1.171,,0.050681905673221936,
1.172,,0.05099526786046289,
1.172,,0.051312881058517924,
1.174,,0.05163131752192609,
1.174,-0.03356398528,,
1.174,,0.05195064898862047,
1.174,,0.05228165794012289,
1.174,,0.05261266689162627,
1.177,,0.05294935623839721,
1.177,,0.05328691886062808,
1.181,,0.05362542947538763,
1.181,,0.053964946013240436,
1.181,,0.05430551534468705,
1.185,,0.05464608467613487,
1.185,,0.054989683126532164,
1.185,,0.05533468490091401,
1.189,,0.05568059498747714,
1.189,,0.05602754428538688,
1.189,,0.05637449358329766,
1.189,,0.05672445918255208,
1.192,,0.057075353277835125,
1.192,,0.05742724849336709,
1.192,,0.05778020700935303,
1.192,,0.05813482114182901,
1.192,,0.058491289373602554,
1.192,,0.05884946889256918,
1.199,,0.05920876422918278,
1.199,,0.05956882464272889,
1.199,,0.059930028752584616,
1.199,,0.06029281751445466,
1.202,,0.06065668949013526,
1.202,,0.061021583992350505,
1.202,,0.06138912133540166,
1.206,,0.061762291832555806,
1.206,,0.06213548426629197,
1.206,,0.06250867670002959,
1.206,,0.06288355596855309,
1.206,,0.06325887366357798,
1.206,,0.06363419135860528,
1.206,,0.06401162958609276,
1.206,,0.06438980005899729,
1.213,,0.06476879414141978,
1.213,,0.06514778822384382,
1.213,,0.06552939229548872,
1.213,,0.06591174318799188,
1.214,,0.06629487005154025,
1.214,,0.06668253574314527,
1.214,,0.06707049039444227,
1.214,,,1
1.214,,0.0674589063210467,
1.219,,0.06784886027418614,
1.22,,0.06823991324357778,
1.221,,0.06863147845646467,
1.222,,0.06902406493671184,
1.222,-0.04615047976,,
1.223,,0.06942363393426049,
1.223,,0.06983093716851556,
1.223,,0.07023824040277288,
1.223,,0.07064803902279841,
1.223,,0.07105783764282585,
1.223,,0.07147439859987088,
1.231,,0.07189154407240313,
1.231,,0.07230933106156529,
1.231,,0.07272711805072928,
1.231,,0.07314708390363428,
1.2349999999999999,,0.07356760423920454,
1.2349999999999999,,0.07398873747024677,
1.2349999999999999,,0.07440987070129,
1.236,,0.07483876926185773,
1.236,,0.07526777086277915,
1.236,,0.07569704762335532,
1.236,,0.07612669715314822,
1.236,,0.0765567869892673,
1.236,,0.07698687682538767,
1.245,,0.07741867309388421,
1.245,,0.0778507976517163,
1.245,,0.07828710664245724,
1.245,,0.07872370392534518,
1.246,,0.07916030120823433,
1.246,,,1
1.252,,0.07960094028984134,
1.252,,0.08004157937145187,
1.252,,0.0804833295722137,
1.252,,0.0809250797729791,
1.252,,0.08136997423980834,
1.252,,0.08181485685255391,
1.2530000000000001,,0.08225973946530037,
1.2530000000000001,,0.08270534271225163,
1.2530000000000001,,0.08315094595920537,
1.256,,0.08359693020001863,
1.256,,0.0840429144408343,
1.258,,0.08449787639686421,
1.258,,0.08496057650586655,
1.259,,0.08542230449440441,
1.2610000000000001,,0.08588326738152768,
1.2610000000000001,-0.0629324724,,
1.264,,0.0863435974697678,
1.264,,0.08681346262183894,
1.264,,0.08728332777391151,
1.268,,0.08775582531679073,
1.268,,0.08823531135831802,
1.268,,0.08871743586761283,
1.268,,0.0891995603769113,
1.271,,0.08968935047019905,
1.271,,0.09017914056349423,
1.271,,0.09066893065678941,
1.272,,0.09116039010414625,
1.274,,0.09165184955150912,
1.274,,0.09214330899887199,
1.2770000000000001,,0.09263438883548601,
1.2770000000000001,,0.09312546867210239,
1.2770000000000001,,0.09361654850871877,
1.2770000000000001,,0.09411513080081636,
1.2770000000000001,,0.09462274738884922,
1.2770000000000001,,0.09513036397689058,
1.2770000000000001,,0.09563798056493193,
1.284,,0.09614559715297329,
1.284,,0.09665321374101464,
1.284,,0.097160830329056,
1.287,,0.09766534469399178,
1.287,,0.09816985905892864,
1.287,,0.0986743734238655,
1.29,,0.09918175279229668,
1.29,,0.09969037535331265,
1.29,,0.10020969605941378,
1.292,,0.10072901676552248,
1.292,,0.10124833747163119,
1.292,,0.10176765817773989,
1.292,,0.10228697888384859,
1.292,,0.1028062995899573,
1.292,,0.103325620296066,
1.292,,0.10384612157645969,
1.298,,,1
1.3,-0.07971446504,,
