sim time,cam x,gazebo x
-1,,0.0
0.086,,0.0
0.086,,0.0
0.086,,0.0
0.086,,0.0
0.086,,0.0
0.086,,0.0
0.086,,0.0
0.086,,0.0
0.086,,0.0
0.086,,0.0
0.086,,0.0
0.086,,0.0
0.086,,0.0
0.097,,0.0
0.105,,0.0
0.108,,0.0
0.108,,0.0
0.108,,0.0
0.112,,0.0
0.112,,0.0
0.112,,0.0
0.112,,0.0
0.112,,0.0
0.112,,0.0
0.121,,0.0
0.13,,0.0
0.13,,0.0
0.13,,0.0
0.13,,0.0
0.13,,0.0
0.13,,0.0
0.13,,0.0
0.13,,0.0
0.13,,0.0
0.13,,0.0
0.13,,0.0
0.13,,0.0
0.13,,0.0
0.13,,0.0
0.13,,0.0
0.13,,0.0
0.13,,0.0
0.13,,0.0
0.13,,0.0
0.13,,0.0
0.13,,0.0
0.13,,0.0
0.13,,0.0
0.13,,0.0
0.13,,0.0
0.13,,0.0
0.13,,0.0
0.132,,0.0
0.134,,0.0
0.134,,0.0
0.134,,0.0
0.134,,0.0
0.137,,0.0
0.138,,0.0
0.138,,0.0
0.14,,0.0
0.14,,0.0
0.14,,0.0
0.143,,0.0
0.146,,0.0
0.146,,0.0
0.146,,0.0
0.15,,0.0
0.154,,0.0
0.154,,0.0
0.154,,0.0
0.154,,0.0
0.154,,0.0
0.154,,0.0
0.154,,0.0
0.154,,0.0
0.156,,0.0
0.158,,0.0
0.158,,0.0
0.163,,0.0
0.163,,0.0
0.163,,0.0
0.163,,0.0
0.163,,0.0
0.163,,0.0
0.163,,0.0
0.163,,0.0
0.163,,0.0
0.171,,0.0
0.171,,0.0
0.171,,0.0
0.171,,0.0
0.175,,0.0
0.175,,0.0
0.175,,0.0
0.175,,0.0
0.179,,0.0
0.179,,0.0
0.179,,0.0
0.179,,0.0
0.179,,0.0
0.179,,0.0
0.179,,0.0
0.179,,0.0
0.179,,0.0
0.179,,0.0
0.179,,0.0
0.189,,0.0
0.189,,0.0
0.189,,0.0
0.194,,0.0
0.197,,0.0
0.197,,0.0
0.197,,0.0
0.197,,0.0
0.197,,0.0
0.197,,0.0
0.197,,0.0
0.197,,0.0
0.204,,0.0
0.204,,0.0
0.204,,0.0
0.204,,0.0
0.204,,0.0
0.204,,0.0
0.204,,0.0
0.204,,0.0
0.204,,0.0
0.21,,0.0
0.21,,0.0
0.21,,0.0
0.21,,0.0
0.21,,0.0
0.21,,0.0
0.21,,0.0
0.21,,0.0
0.21,,0.0
0.223,,0.0
0.226,,0.0
0.226,,0.0
0.226,,0.0
0.226,,0.0
0.226,,0.0
0.226,,0.0
0.226,,0.0
0.226,,0.0
0.226,,0.0
0.227,,0.0
0.227,,0.0
0.227,,0.0
0.23,,0.0
0.23,,0.0
0.233,,0.0
0.233,,0.0
0.233,,0.0
0.237,,0.0
0.237,,0.0
0.237,,0.0
0.237,,0.0
0.241,,0.0
0.241,,0.0
0.241,,0.0
0.241,,3.306196540272073e-05
0.241,,8.385042975294667e-05
0.241,,0.00013590700499594775
0.241,,0.00018822238927513926
0.245,,0.00024100440487827564
0.245,,0.0002942701656911277
0.245,,0.0003460173906071456
0.245,,0.0003977908605158793
0.245,,0.00045098434074711426
0.245,,0.000490661258313742
0.245,,0.0005272807936320828
0.245,,0.0005687823114842872
0.245,,0.000611473881050569
0.245,,0.0006549039473865074
0.245,,0.000698823134808325
0.245,,0.0007430179836840739
0.245,,0.0007873961970194935
0.258,,0.0008319580109473254
0.258,,0.0008767240072841924
0.258,,0.000921713623477385
0.263,,0.0009669429108864818
0.267,,0.0010124344447649746
0.267,,0.0010582056417214522
0.267,,0.0011042730785687123
0.267,,0.0011506526641344155
0.267,,0.0011973597881956089
0.267,,0.0012444094471560654
0.267,,0.0012918163483107553
0.267,,0.0013395949951578033
0.267,,0.0013877597563961759
0.267,,0.0014363249211725632
0.278,,0.0014853049406520324
0.278,,0.0015347137742114216
0.278,,0.0015845657215774217
0.278,,0.0016344176689395845
0.278,,0.0016854816008019492
0.278,,0.0017369618583166924
0.285,,0.0017888900248414418
0.285,,0.0018412931811387615
0.285,,0.0018941956730233822
0.285,,0.001947619740204472
0.285,,0.00200117456689336
0.285,,0.002054662846828338
0.285,,0.002108086308244613
0.285,,0.0021614616896480977
0.285,,0.0022148021900265957
0.285,,0.002268121809387475
0.285,,0.0023214350966641473
0.285,,0.0023747569817813455
0.292,,0.0024281026586998543
0.292,,0.0024814875047034063
0.292,,0.002534916411245475
0.294,,0.002588431544307541
0.294,,0.0026421024442381128
0.294,,0.0026958086290149387
0.297,,0.0027496313912756453
0.298,,0.002803612809146193
0.299,,0.0028577980180594085
0.299,0.0,
0.3,,0.0029120849755518417
0.3,,0.0029665675748755
0.302,,0.003021262673604551
0.303,,0.0030762116279638503
0.303,,0.003131338208596259
0.304,,0.003186734808464515
0.306,,0.0032423957371190536
0.307,,0.0032983672907091217
0.308,,0.0033545922517227134
0.308,,0.0034111569802341307
0.31,,0.0034680412553934874
0.311,,0.0035252980973640405
0.312,,0.003582881782981743
0.313,,0.0036408726789992885
0.314,,0.003699242595940953
0.315,,0.003758050284243617
0.316,,0.003817256288360631
0.317,,0.0038769364854477017
0.318,,0.003937058870527152
0.319,,0.003997686305211672
0.32,,0.004058782560720225
0.321,,0.004119563296254721
0.322,,0.004180235415911649
0.323,,0.0042407856094551265
0.324,,0.0043011839781956895
0.325,,0.004361494814213681
0.326,,0.004421767460868517
0.327,,0.004481987802850405
0.328,,0.004542179811565665
0.329,,0.004602356529535433
0.33,,0.004662547739401315
0.331,,0.004722757552365654
0.332,,0.00478301831715637
0.332,,0.0048433327084347845
0.334,,0.004903727881021777
0.335,,0.0049642133942841326
0.336,,0.005024821364856341
0.337,,0.005085552148522901
0.338,,0.0051464343197436
0.339,,0.005207478104640687
0.34,,0.005268714060633191
0.341,,0.005330143406082265
0.342,,0.005391796099228407
0.343,,0.005453681387813708
0.344,,0.005515828869571318
0.345,,0.005578241321852755
0.346,,0.00564094945185666
0.347,,0.005703961457806595
0.348,,0.005767306645994659
0.348,,0.005830989225856839
0.348,,0.0058950401697817475
0.348,,0.005959466980389565
0.351,,0.006024299080892644
0.352,,0.006089122077063717
0.353,,0.00615439131282224
0.354,,0.006219666889688427
0.356,,0.006285553447649861
0.356,,0.006351467880686097
0.358,,0.006417143376920072
0.359,,0.0064829817225269
0.359,,0.0065487059743247235
0.361,,0.006614693503104718
0.362,,0.006680566805572002
0.363,,0.0067466865967399335
0.364,,0.006812744921639782
0.365,,0.00687913991476057
0.366,,0.006945507033976057
0.367,,0.0070122043127665915
0.368,,0.007078912707806208
0.369,,0.007145623429302773
0.37,,0.007212433983310827
0.371,,0.0072792739033624865
0.372,,0.007346279866205833
0.373,,0.007413355463395855
0.374,,0.007480607857930564
0.375,,0.007547962767282788
0.376,,0.007615561643884472
0.377,,0.007683307598130968
0.378,,0.007751309553253021
0.379,,0.007819493076371515
0.38,,0.007887995001685452
0.381,,0.00795672039677379
0.382,,0.008025783081642554
0.383,,0.008095106993331548
0.384,,0.008164823821229652
0.385,,0.008234841590028429
0.386,,0.008305278167358546
0.387,,0.008376055619670267
0.388,,0.008447258456879155
0.389,,0.008518843454256195
0.39,,0.008590904357541403
0.394,,0.008663393140123063
0.394,,0.008736376436890417
0.394,,0.008809578670542339
0.394,,0.008882981554076231
0.395,,0.008956603772060217
0.396,,0.009030023533720198
0.397,,0.009103360948128008
0.398,,0.009176627356776174
0.399,,0.009249841618218558
0.4,,0.009323023263244181
0.401,,0.009396204908269772
0.402,,0.009469378975072176
0.403,,0.009542587590370289
0.403,,0.009615849004431706
0.407,,0.009689181033051749
0.407,,0.009762602890884266
0.407,,0.009836134671100871
0.408,,0.009909797004875464
0.409,,0.009983610840317176
0.41,,0.010057597302059539
0.411,,0.010131777604706672
0.412,,0.010205957907353942
0.413,,0.010280744657132464
0.414,,0.010355751337143226
0.415,,0.010431008001291495
0.416,,0.010506541879401934
0.417,,0.01058237915262007
0.418,,0.01065854507604025
0.419,,0.010735030178490286
0.42,,0.01081184024522638
0.421,,0.010888999737232615
0.421,,0.010966066759696082
0.423,,0.011043476162945102
0.424,,0.011120708556367707
0.425,,0.011198275324348595
0.426,,0.01127573482322086
0.429,,0.011353671076030322
0.429,,0.011431531794545107
0.429,,0.011509818854774726
0.431,,0.01158807794068127
0.431,,0.011666889995030572
0.432,,0.011745717360490219
0.433,,0.011825071633640605
0.434,,0.011904486835065118
0.435,,0.011984528133188257
0.436,,0.012064672555297288
0.437,,0.012144622748874
0.438,,0.01222480685601015
0.439,,0.01230499096314659
0.44,,0.012385352756691089
0.441,,0.012465835405662444
0.442,,0.012546470490061676
0.443,,0.012627280907188504
0.443,,0.012708289952382193
0.445,,0.01278952108116244
0.446,,0.012870997775372574
0.447,,0.012952743470107851
0.448,,0.01303473603503127
0.449,,0.013117008734427999
0.45,,0.013199656289661138
0.451,,0.013282396060639023
0.452,,0.013365420467515694
0.452,,0.013448808429654414
0.453,,0.013532489201419461
0.455,,0.013616337249700652
0.456,,0.013700427810914113
0.457,,0.013784869687721855
0.458,,0.013869646178600753
0.459,,0.01395472496263871
0.46,,0.01404015270045983
0.461,,0.014125997197111453
0.462,,0.014212256790447074
0.463,,0.01429892111004895
0.464,,0.014386036399971582
0.465,,0.014473652055878892
0.466,,0.014561769885810648
0.467,,0.014650394490293971
0.468,,0.014739567106943532
0.469,,0.014829325272444434
0.47,,0.014919676433926934
0.471,,0.01501075828437104
0.472,,0.015102396269731097
0.473,,0.015194441476549686
0.474,,0.015286917018429162
0.474,,0.01537939256030892
0.476,,0.015473100572258761
0.477,,0.01556724707552975
0.484,,0.015661871621933828
0.485,,0.015757011737090165
0.485,,0.015852702022903502
0.485,,0.015948974736554534
0.485,,0.016045860260193903
0.485,,0.016143387479870257
0.485,,0.01624091469954711
0.485,,0.016340249134380057
0.485,,0.016440198891767854
0.486,,0.016540811782402867
0.486,,0.016642347863632907
0.489,,0.016744397682282818
0.49,,0.01684701156437734
0.49,,0.016950219919202206
0.492,,0.017053428274027584
0.493,,0.01715814319085084
0.494,,0.017263271873511944
0.495,,0.01736872750144121
0.496,,0.017474553990660533
0.497,,0.017580791779761164
0.498,,0.017687478533688093
0.498,,0.01779464956816327
0.499,,0.017902338238351054
0.5,,0.018010576279603913
0.501,,0.018119760017960868
0.502,,0.018229677125255927
0.504,,0.018339844722344515
0.504,,0.018450441342045737
0.506,,0.018561728015454238
0.506,,0.018673774431112015
0.508,,0.018786231535385424
0.508,,0.018899281466616367
0.509,,0.019013048412462652
0.51,,0.019127660529658228
0.511,,0.01924287329186118
0.512,,0.01935874080938616
0.513,,0.019475398713018167
0.514,,0.01959293683533338
0.515,,0.01971138253799283
0.516,,0.01983082100928559
0.517,,0.019950388262256747
0.518,,0.020070348181200837
0.52,,0.020190897648318083
0.521,,0.020311787690831622
0.522,,0.020433046622443166
0.523,,0.020554804542846503
0.524,,0.02067720138797552
0.524,,0.020800061308035446
0.525,,0.020923639555339008
0.527,,0.021047702704658455
0.528,,0.021172149411126797
0.529,,0.02129736332796171
0.53,,0.02142308185313433
0.531,,0.02154944087149616
0.532,,0.021676325120003358
0.533,,0.021804669202180074
0.534,,0.021933416037348063
0.535,,0.02206216287251692
0.536,,0.022191855006439543
0.537,,0.022322099936443365
0.537,,0.02245294436490759
0.539,,0.022584428748137236
0.54,,0.02271753408838271
0.541,,0.022850920468426857
0.541,,0.02298460664158603
0.543,,0.02311862650819477
0.544,,0.023252646374803815
0.545,,0.023387647434744797
0.545,,0.023523040398455583
0.546,,0.02365885468601294
0.547,,0.023795129451666217
0.548,,0.023931899200028677
0.549,,0.02406866894839164
0.55,,0.024206920492926453
0.551,,0.024345671689016458
0.552,,0.024484979927390967
0.554,,0.024625424318861486
0.555,,0.02476644617223466
0.555,,0.024907921839056654
0.557,,0.02504989464322082
0.557,,0.025192404699077596
0.558,,0.02533491475493497
0.56,,0.025479088418556794
0.56,,0.025623574162259972
0.562,,0.025768756224971472
0.562,,0.025914271608779703
0.564,,0.0260601581453085
0.564,,0.02620626156876439
0.565,,0.026353207701529886
0.566,,0.026500787431331455
0.568,,0.026648638099193253
0.569,,0.02679687061532806
0.569,,0.026945988795009354
0.57,,0.027095749370614767
0.57,,0.02724601912724873
0.573,,0.027396860914812082
0.574,,0.02754970701612706
0.575,,0.02770287951834063
0.575,,0.027856417183985818
0.577,,0.028010363503766057
0.578,,0.028164883425781603
0.579,,0.028319403347797503
0.58,,0.028475270388886944
0.581,,0.028631578195938683
0.582,,0.028788383292836187
0.583,,0.028946014554150825
0.584,,0.029104207299459027
0.586,,0.02926240004476783
0.586,,0.029422297910672458
0.587,,0.029583377644580258
0.588,,0.029745005336737056
0.589,,0.029907235523377505
0.59,,0.030069465710018624
0.591,,0.030233967982022953
0.592,,0.03039901889020672
0.593,,0.03056468305041363
0.594,,0.030730347210621452
0.595,,0.030897885523529033
0.596,,0.03106602284618332
0.597,,0.03123481727996709
0.598,,0.03140432004335044
0.599,,0.031573822806734785
0.6,,0.0317471209269092
0.603,,0.03192301433044005
0.603,,0.03209923131761216
0.603,,0.032275852572950015
0.604,,0.032452941224962464
0.605,,0.032630552076620835
0.606,,0.03280873287319818
0.607,,0.03298727769840788
0.608,,0.03316706651691028
0.609,,0.033347856807455244
0.61,,0.03353104431014413
0.61,,0.033714231812835414
0.611,,0.033900544921654195
0.612,,0.03408682872330317
0.613,,0.03427476741673577
0.614,,0.03446298844054132
0.615,,0.034651209464347896
0.616,,0.034841908341471196
0.618,,0.03503302993771482
0.618,,0.03522460194658703
0.62,,0.03541667631536506
0.621,,0.03560875068414385
0.622,,0.03580247603681925
0.622,,0.035996689942075714
0.623,,0.03619345843228225
0.624,,0.036390350772876015
0.625,,0.03659187411634946
0.626,,0.03679314438399839
0.627,,0.03699484963061789
0.628,,0.03719655487723896
0.629,,0.037398260123860036
0.63,,0.03760119675142439
0.631,,0.03780451812209448
0.632,,0.038008236743435654
0.634,,0.03821240503610741
0.635,,0.03842013768511441
0.636,,0.03862844229523866
0.637,,0.03883674690536419
0.638,,0.03904561064740479
0.639,,0.03925491136581751
0.64,,0.03946782969357699
0.641,,0.03968074802133904
0.642,,0.03989424341328454
0.643,,0.04010841024919848
0.644,,0.04032257708511397
0.645,,0.04053861675298411
0.646,,0.04075665523494895
0.647,,0.040975064609669855
0.648,,0.04119378476338622
0.649,,0.04141606532347799
0.65,,0.04163834588357207
0.651,,0.041860755714728685
0.652,,0.042083165545886335
0.653,,0.04230660491672407
0.654,,0.04253035855168004
0.655,,0.04275411218663706
0.656,,0.042980697313550364
0.657,,0.04320749998538333
0.658,,0.043434643331347444
0.659,,0.0436620019100496
0.66,,0.043889360488752374
0.661,,0.04411780804955267
0.662,,0.04434905698665806
0.663,,0.04458062002373969
0.664,,0.04481258032488433
0.665,,0.045050310388758515
0.666,,0.04528804045263734
0.667,,0.04552627722505345
0.668,,0.04576451399747198
0.669,,0.04600435876079718
0.67,,0.046244203524125706
0.67,,0.04649118581783576
0.671,,0.0467374052373498
0.672,,0.04698362465686384
0.673,,0.04722984407637788
0.675,,0.04748007757552993
0.676,,0.04773031107468721
0.677,,0.04798054457384449
0.678,,0.04823137680863276
0.678,,0.048484263726889694
0.679,,0.0487371506451597
0.68,,0.048993750205312006
0.681,,0.049250349765544287
0.682,,0.04950694932577657
0.682,,0.049767781174682564
0.684,,0.05002852855258753
0.69,,0.05028893007899888
0.69,,0.05054981419152074
0.69,,0.050810698304043556
0.69,,0.051074760326550034
0.69,,0.05133993879886417
0.69,,0.05160511726667634
0.692,,0.051878387227795204
0.693,,0.052151258866268854
0.693,,0.05242376298568628
0.694,,0.052695971612511175
0.695,,0.05296853608751526
0.696,,0.0532411005625202
0.697,,0.05351439108683196
0.698,,0.053795829347759845
0.699,,0.05407917635385073
0.7,,0.05436252335996132
0.701,,0.05464587036607191
0.702,,0.054929574324271306
0.703,,0.05521285003664787
0.705,,0.055496125749025335
0.705,,0.0557794014614028
0.706,,0.05606820515755735
0.707,,0.05636103120127146
0.708,,0.0566531079094618
0.71,,0.05694503915665202
0.711,,0.05723709251901341
0.712,,0.05752914588137558
0.713,,0.057822455347509384
0.714,,0.05811576481364565
0.715,,0.05840825123444722
0.716,,0.058700737655250496
0.717,,0.05899322407605377
0.718,,0.05928554563871451
0.719,,0.05957719070327342
0.72,,0.05988338908705254
0.721,,0.060188494814037555
0.722,,0.06049256806945716
0.723,,0.060796641324878706
0.724,,0.06110071458030025
0.725,,0.0614047878357218
0.726,,0.06171387625108146
0.727,,0.06203605357514974
0.728,,0.062356187080760586
0.729,,0.06267632058637143
0.73,,0.06299645409198228
0.731,,0.06331658759759312
0.732,,0.06363672110320397
0.733,,0.06395869136530735
0.733,,0.06428066162741693
0.738,,0.06460984944734938
0.742,,0.0649322717742699
0.742,,0.06525469410119272
0.742,,0.06557711642811555
0.742,,0.06589953875503837
0.742,,0.0662219610819612
0.742,,0.06654946596604397
0.742,,0.0668779755149286
0.742,,0.06720648506381544
0.742,,0.06753499461270226
0.742,,0.0678635041615891
0.742,,0.06819201371047592
0.747,,0.0685282241991192
0.754,,0.06886433542054493
0.754,,0.06920044664197066
0.754,,0.06954389764388406
0.754,,0.06988540089302102
0.754,,0.07022690414215797
0.754,,0.07056840739129493
0.754,,0.07090991064043188
0.755,,0.07125141388956883
0.756,,0.07159291713870579
0.764,,0.07193442038784274
0.764,,0.0722759236369797
0.764,,0.07261996279050599
0.764,,0.07296198957495272
0.764,,0.07330401635939944
0.764,,0.07365534170887186
0.764,,0.07400666705136699
0.764,,0.07436936650912875
0.765,,0.07472722171439611
0.765,,0.07508507691966347
0.765,,0.07544293212493083
0.768,,0.0758007873301982
0.769,,0.07615864253546556
0.77,,0.07651649774073292
0.771,,0.07688082347585042
0.772,,0.07725277082547491
0.773,,0.07762442208270662
0.774,,0.07799607333993833
0.774,-0.05034597792,
0.775,,0.07836772459717004
0.776,,0.07873937585440174
0.777,,0.07911897749912995
0.777,,0.07949724657621078
0.782,,0.07988731666281126
0.782,,0.0802755935402099
0.782,,0.08066387041760853
0.782,,0.08105214729500716
0.787,,0.0814404241724058
0.787,,0.08182870104980443
0.787,,0.08222192390021921
0.787,,0.082615146750643
0.787,,0.0830083696010668
0.794,,0.0834015924514906
0.794,,0.0837948153019144
0.794,,0.0841880381523382
0.794,,0.084581261002762
0.794,,0.08497371982287677
0.794,,0.08536617864300107
0.794,,0.08575863746312537
0.794,,0.08615109628324967
0.794,,0.08654860931722118
0.794,,0.0869463289932253
0.794,,0.08735556985697299
0.794,,0.0877648107207293
0.794,,0.0881740515844856
0.794,,0.08858329244824191
0.794,,0.08899385514321512
0.796,,0.08940441783819492
0.804,,0.08982800286248091
0.805,,0.09025158788677685
0.805,,0.09068589589188494
0.806,,0.09111878664382143
0.808,,0.09155167739575792
0.809,,0.09198456814769441
0.81,,0.0924174588996309
0.811,,0.0928503496515674
0.812,,0.09328324040350389
0.813,,0.09371613115544038
0.814,,0.09415852560831496
0.815,,0.09459753412153919
0.816,,0.09503654263476342
0.816,-0.07132346872,
0.817,,0.09547555114798766
0.818,,0.09591292123414398
0.82,,0.0963499503281227
0.82,,0.09678697942210142
0.82,,0.09722400851608014
0.822,,0.09766103761005886
0.823,,0.09809769712888934
0.823,,0.09853435664772328
0.825,,0.09897101616655722
0.826,,0.09942291148082469
0.826,,0.09987226507001234
0.826,,0.1003216186592
0.829,,0.10077097224838766
0.829,,0.10122032583757531
0.829,,0.10168269058047473
0.831,,0.10214505532389705
0.831,,0.10260742006731936
0.831,,0.10307780935646234
0.835,,0.10354606351193028
0.839,,0.10401431766739823
0.839,,0.10448461911239801
0.839,,0.10495492055740492
0.839,,0.1054183636621183
0.839,,0.1058818067668336
0.839,,0.1063452498715489
0.839,,0.1068086929762642
0.839,,0.1072721360809795
0.841,,0.1077355791856948
0.849,,0.1081990222904101
0.849,,0.1086624653951254
0.849,,0.1091259084998407
0.849,,0.109589351604556
0.849,,0.1100527947092713
0.85,,0.1105162378139866
0.85,,0.1109796809187019
0.85,,0.1114431240234172
0.85,,0.11190057988573647
0.854,,0.1123917463916011
0.855,,0.11288066973890364
0.856,,0.11336590959971855
0.857,,0.11385114946053347
0.858,,0.11435109722157756
0.859,,0.1148504409781201
0.859,-0.08810546136,
0.859,,0.11534978473466263
0.859,,0.11584912849120517
0.861,,0.1163484722477477
0.861,,0.11684781600429024
0.864,,0.11734715976083278
0.865,,0.11784650351737531
0.866,,0.11834584727391785
0.867,,0.11884519103046039
0.868,,0.11934453478700292
0.868,,0.11984387854354546
0.869,,0.120343222300088
0.87,,0.12084256605663053
0.871,,0.12134190981317307
0.872,,0.1218412535697156
0.873,,0.12234059732625814
0.874,,0.12283994108280068
0.875,,0.12333928483934321
0.877,,0.12383862859588575
0.878,,0.12433797235242829
0.878,,0.12483731610897082
0.879,,0.12533665986551337
0.88,,0.12582638495454443
0.881,,0.12631611004356752
0.882,,0.1268058351325906
0.883,,0.1272955602216137
0.884,,0.1277852853106368
0.885,,0.12828724798974384
0.886,,0.12879549098366608
0.887,,0.12930334230954288
0.888,,0.12981119363541968
0.889,,0.13031904496129648
0.89,,0.13082689628717328
0.891,,0.13133474761305008
0.893,,0.13184259893892689
0.893,,0.1323504502648037
0.894,,0.1328583015906805
0.9,,0.1333661529165573
0.9,,0.1338740042424341
0.9,,0.1343818555683109
0.9,,0.1348897068941877
0.9,,0.1353975582200645
0.9,,0.1359054095459413
0.9,,0.1364132608718181
0.9,,0.1369211121976949
0.9,,0.1374289635235717
0.905,,0.1379368148494485
0.906,,0.1384446661753253
0.907,,0.1389525175012021
0.908,,0.1394603688270789
0.909,,0.1399682201529557
0.91,,0.1404760714788325
0.91,,0.1409839228047093
0.912,,0.1414917741305861
0.915,,0.1419996254564629
0.915,,0.14250747678233971
0.915,,0.14301532810821652
0.915,,0.14352317943409332
0.917,,0.14403103075997012
0.918,,0.14453888208584692
0.919,,0.14504673341172372
0.92,,0.14555458473760052
0.921,,0.14606243606347732
0.922,,0.14657028738935413
0.923,,0.14707813871523093
0.923,-0.10908295216,
0.924,,0.14758599004110773
0.925,,0.14809384136698453
0.926,,0.14860169269286133
0.927,,0.14910954401873813
0.928,,0.14961739534461493
0.928,,0.15012524667049174
0.93,,0.15063309799636854
0.931,,0.15114094932224534
0.932,,0.15164880064812214
0.933,,0.15215665197399894
0.934,,0.15266450329987574
0.935,,0.15317235462575254
0.935,,0.15368020595162935
0.937,,0.15418805727750615
0.938,,0.15469590860338295
0.939,,0.15520375992925975
0.94,,0.15571161125513655
0.944,,0.15621946258101335
0.945,,0.15672731390689015
0.945,,0.15723516523276695
0.945,,0.15774301655864376
0.945,,0.15825086788452056
0.945,,0.15875871921039736
0.947,,0.15926657053627416
0.948,,0.15977442186215096
0.95,,0.16028227318802776
0.95,,0.16079012451390456
0.95,,0.16129797583978137
0.955,,0.16180582716565817
0.955,,0.16231367849153497
0.955,,0.16282152981741177
0.955,,0.16332938114328857
0.958,,0.16383723246916537
0.958,,0.16434508379504217
0.958,,0.16485293512091898
0.962,,0.16536078644679578
0.962,,0.16586863777267258
0.962,,0.16637648909854938
0.962,,0.16688434042442618
0.962,,0.16739219175030298
0.962,,0.16790004307617978
0.966,,0.16840789440205658
0.966,,0.1689157457279334
0.966,,0.1694235970538102
0.969,,0.169931448379687
0.969,,0.1704392997055638
0.97,,0.1709471510314406
0.97,,0.1714550023573174
0.97,,0.1719628536831942
0.97,,0.172470705009071
0.97,,0.1729785563349478
0.97,,0.1734864076608246
0.97,,0.1739942589867014
0.97,,0.1745021103125782
0.97,,0.175009961638455
0.97,,0.1755178129643318
0.97,,0.1760256642902086
0.97,,0.1765335156160854
0.97,,0.1770413669419622
0.971,,0.177549218267839
0.986,,0.1780570695937158
0.986,,0.1785649209195926
0.986,,0.1790727722454694
0.987,,0.17958062357134622
0.988,,0.18008847489722302
0.989,,0.18059632622309982
0.99,,0.18110417754897662
0.99,-0.14264693744,
0.99,,0.18161202887485342
0.992,,0.18211988020073022
0.992,,0.18262773152660702
0.994,,0.18313558285248382
0.995,,0.18364343417836063
0.996,,0.18415128550423743
0.997,,0.18465913683011423
0.997,,0.18516698815599103
0.997,,0.18567483948186783
0.997,,0.18618269080774463
1.0,,0.18669054213362143
1.002,,0.18719839345949824
1.003,,0.18770624478537504
1.005,,0.18821409611125184
1.005,,0.18872194743712864
1.005,,0.18922979876300544
1.007,,0.18973765008888224
1.01,,0.19024550141475904
1.01,,0.19075335274063585
1.01,,0.19126120406651265
1.013,,0.19176905539238945
1.013,,0.19227690671826625
1.013,,0.19278475804414305
1.013,,0.19329260937001985
1.013,,0.19380046069589665
1.017,,0.19430831202177345
1.017,,0.19481616334765026
1.017,,0.19532401467352706
1.018,,0.19583186599940386
1.02,,0.19633971732528066
1.02,,0.19684756865115746
1.021,,0.19735541997703426
1.022,-0.16781992639999999,
1.022,,0.19786327130291106
1.023,,0.19837112262878787
1.024,,0.19887897395466467
1.025,,0.19938682528054147
1.026,,0.19989467660641827
1.027,,0.20040252793229507
1.031,,0.20091037925817187
1.031,,0.20141823058404867
1.031,,0.20192608190992548
1.031,,0.20243393323580228
1.031,,0.20294178456167908
1.031,,0.20344963588755588
1.034,,0.20395748721343268
1.041,,0.20446533853930948
1.041,,0.20497318986518628
1.041,,0.20548104119106309
1.041,,0.2059888925169399
1.041,,0.2064967438428167
1.041,,0.2070045951686935
1.041,,0.2075124464945703
1.042,,0.2080202978204471
1.043,,0.2085281491463239
1.043,,0.2090360004722007
1.043,,0.2095438517980775
1.043,,0.2100517031239543
1.051,,0.2105595544498311
1.051,,0.2110674057757079
1.051,,0.2115752571015847
1.051,,0.2120831084274615
1.051,,0.2125909597533383
1.051,,0.2130988110792151
1.051,,0.2136066624050919
1.054,,0.2141145137309687
1.054,,0.2146223650568455
1.054,,0.2151302163827223
1.054,,0.2156380677085991
1.054,,0.21614591903447591
1.061,,0.21665377036035272
1.061,,0.21716162168622952
1.061,,0.21766947301210632
1.062,,0.21817732433798312
1.064,,0.21868517566385992
1.064,,0.21919302698973672
1.064,,0.21970087831561352
1.066,,0.22020872964149033
1.067,-0.19299291536,
1.068,,0.22071658096736713
1.069,,0.22122443229324393
1.07,,0.22173228361912073
1.07,,0.22224013494499753
1.071,,0.22274798627087433
1.071,,0.22325583759675113
1.071,,0.22376368892262793
1.074,,0.22427154024850474
1.076,,0.22477939157438154
1.077,,0.22528724290025834
1.078,,0.22579509422613514
1.079,,0.22630294555201194
1.08,,0.22681079687788874
1.081,,0.22731864820376554
1.082,,0.22782649952964235
1.088,,0.2282493409025108
1.088,,0.2283286180128428
1.088,,0.22840848618031798
1.088,,0.22848835434779316
1.088,,0.2285677527916446
1.088,,0.22864715123549603
1.089,,0.2287262000459686
1.093,,0.22880524885644118
1.093,,0.2288840582172605
1.093,,0.2289628675780798
1.093,,0.2290414872143899
1.097,,0.22912010685070003
1.097,,0.22919861951735415
1.097,,0.22927713218400828
1.097,,0.2293556140249589
1.097,,0.22943409586590954
1.101,,0.22951281490887054
1.101,,0.22959153395183174
1.101,,0.22967025299479293
1.101,,0.22974880274239035
1.101,,0.22982735248998776
1.101,,0.22990590223758517
1.101,,0.22998444286450945
1.101,,0.2300629834914337
1.101,,0.23014152892296294
1.101,,0.23022007435449215
1.101,,0.23029885855825133
1.114,,0.2303776427620105
1.115,,0.23045651378919707
1.115,,0.23053538481638364
1.115,,0.2306151199222434
1.115,,0.23069326705528717
1.115,,0.23077141418833094
1.116,,0.23084901929182985
1.117,,0.23092662439532877
1.1179999999999999,,0.23100379038626545
1.119,,0.23108095637720213
1.12,,0.23115785946560152
1.121,,0.2312347625540009
1.1219999999999999,,0.23131140004443837
1.1219999999999999,-0.21397040616,
1.123,,0.23138803753487583
1.124,,0.23146452501298417
1.125,,0.23154101249109252
1.131,,0.0
1.131,,0.0
1.131,,0.0
1.131,,0.0
1.131,,0.0
1.131,,0.0
1.131,,0.0
1.134,,0.0
1.134,,0.0
1.135,,0.0
1.135,,0.0
1.1400000000000001,,0.0
1.141,,0.0
1.141,,0.0
1.141,,0.0
1.141,,0.0
1.142,,0.0
1.142,,0.0
1.144,,0.0
1.144,-0.2307523988,
1.145,,0.0
1.146,,0.0
1.147,,0.0
1.147,,0.0
1.148,,0.0
1.148,,0.0
1.15,,0.0
1.152,,0.0
1.155,,0.0
1.155,,0.0
1.155,,0.0
1.155,,0.0
1.157,,0.0
1.158,,0.0
1.159,,0.0
1.16,,0.0
1.161,,0.0
1.161,,0.0
1.162,,0.0
1.164,,0.0
1.164,,0.0
1.167,,0.0
1.169,,0.0
1.169,,0.0
1.169,,0.0
1.173,,0.0
1.173,,0.0
1.173,,0.0
1.173,,0.0
1.178,,0.0
1.178,,0.0
1.178,,0.0
1.178,,0.0
1.178,,0.0
1.181,,0.0
1.181,,0.0
1.181,,0.0
1.187,,0.0
1.187,,0.0
1.187,,0.0
1.187,,0.0
1.187,,0.0
1.187,,0.0
1.19,,0.0
1.19,,0.0
1.19,,0.0
1.19,,0.0
1.193,,0.0
1.193,,0.0
1.196,,0.0
1.196,,0.0
1.196,,0.0
1.199,,0.0
1.199,,0.0
1.199,,0.0
1.202,,0.0
1.202,,0.0
1.202,,0.0
1.203,,0.0
1.204,,0.0
1.204,,0.0
1.204,,0.0
1.204,,0.0
1.204,,0.0
1.204,,0.0
1.21,,0.0
1.21,,0.0
1.21,,0.0
1.21,,0.0
1.21,,0.0
1.21,,0.0
1.215,,0.0
1.217,,0.0
1.218,,0.0
1.218,0.0,
1.219,,0.0
1.22,,0.0
1.221,,0.0
1.222,,0.0
1.223,,0.0
1.224,,0.0
1.225,,0.0
1.226,,0.0
1.227,,0.0
1.228,,0.0
1.229,,0.0
1.23,,0.0
1.231,,0.0
1.232,,0.0
1.233,,0.0
1.234,,0.0
1.2349999999999999,,0.0
1.236,,0.0
1.237,,0.0
1.238,,0.0
1.2389999999999999,,0.0
1.24,,0.0
1.244,,0.0
1.244,,0.0
1.244,,0.0
1.244,,0.0
1.245,,0.0
1.248,,0.0
1.248,,0.0
1.248,,0.0
1.248,,0.0
1.254,,0.0
1.254,,0.0
1.254,,0.0
1.254,,0.0
1.254,,0.0
1.255,,0.0
1.256,,0.0
1.2570000000000001,,0.0
1.258,,0.0
1.258,0.0,
1.259,,0.0
1.26,,0.0
1.2610000000000001,,0.0
1.262,,0.0
1.263,,0.0
1.264,,0.0
1.2650000000000001,,0.0
1.266,,0.0
1.266,,0.0
1.266,,0.0
1.266,,0.0
1.272,,0.0
1.272,,0.0
1.272,,0.0
1.272,,0.0
1.278,,0.0
1.278,,0.0
1.278,,0.0
1.278,,0.0
1.278,,0.0
1.278,,0.0
1.28,,0.0
1.284,,0.0
1.284,,0.0
1.284,,0.0
1.284,,0.0
1.284,,0.0
1.284,,0.0
1.284,,0.0
1.284,,0.0
1.289,,0.0
1.293,,0.0
1.293,,0.0
1.293,,0.0
1.293,,0.0
1.296,,0.0
1.296,,0.0
1.296,,0.0
1.297,,0.0
1.304,,0.0
1.304,,0.0
1.304,,0.0
1.304,,0.0
1.304,,0.0
1.304,,0.0
1.304,,0.0
1.308,,0.0
1.308,,0.0
1.308,,0.0
1.308,,0.0
1.308,,0.0
1.32,,0.0
1.32,,0.0
1.32,,0.0
1.32,,0.0
1.32,,4.17265283089195e-05
1.32,,0.0001182280920507936
1.32,,0.00018837318589012223
1.32,,0.0002587387753589432
1.32,,0.00033001136623569645
1.32,,0.000401693348226692
1.32,0.0,
1.323,,0.00047355411676357103
1.323,,0.0005455902098487266
1.323,,0.0006178660312835099
1.329,,0.0006903335281793927
1.329,,0.000762957664932216
1.329,,0.0008358548723582992
1.329,,0.0009091181268102378
1.329,,0.0009825100961327526
1.329,,0.0010562412202319376
1.329,,0.001130358935269569
1.329,,0.0012048840544139382
1.333,,0.0012796810883667744
1.333,,0.0013542833615511922
1.333,,0.001428815618597441
1.333,,0.0014919837713935
1.333,,0.0015518846433379065
1.333,,0.0016117914131936607
1.333,,0.0016717310917236665
1.333,,0.0017316707702536864
1.339,,0.0017918184653955825
1.3479999999999999,,0.0018520855101275188
1.3479999999999999,,0.0019124969217106528
1.349,,0.001973081322451728
1.349,,0.0020338685847808933
1.349,,0.00209488925809946
1.349,,0.002156078822955067
1.349,,0.002217764546909506
1.349,,0.0022799575600513113
1.349,,0.002342288781658807
1.354,,0.0024039104743174026
1.354,,0.002465445568606034
1.354,,0.0025269024729412063
1.355,,0.0025882961366183654
1.355,,0.0026496468968995298
1.355,,0.0027109787404641216
1.362,,0.002772318101359784
1.363,,0.0028336574622554486
1.363,,0.002895145455237509
1.363,,0.0029567282574974167
1.363,,0.003018431417303386
1.363,,0.0030802833330809856
1.363,,0.0031423139252458815
1.363,,0.0032045539344546527
1.3679999999999999,,0.003266793943663633
1.3679999999999999,,0.0033291560912433143
1.3679999999999999,,0.00339174276926521
1.3679999999999999,,0.0034538774996471238
1.3679999999999999,,0.0035159615224073393
1.3679999999999999,,0.003578047805495972
1.369,,0.003640131955072249
1.369,,0.003702235951213008
1.37,,0.0037643910847796292
1.377,,0.00382639651849454
1.3780000000000001,,0.003888402691008885
1.3780000000000001,,0.003950414768169429
1.3780000000000001,,0.004012459667128864
1.3780000000000001,,0.004074504566088311
1.3780000000000001,,0.004136720831647685
1.3780000000000001,,0.004199063373404348
1.381,,0.004261566542954754
1.381,,0.004324228341600155
1.3820000000000001,,0.0043870998668837655
1.383,,0.004450200324554564
1.384,,0.004513439060561822
1.384,0.0,
1.385,,0.004575937938309368
1.385,,0.004638827881693272
1.387,,0.004701015389215499
1.388,,0.004763027328673704
1.389,,0.0048250392681317205
1.3900000000000001,,0.004886652913005325
1.391,,0.004948196953064326
1.391,,0.005009687052516643
1.393,,0.0050711422247322275
1.3940000000000001,,0.0051325855958043376
1.395,,0.005194043055344163
1.396,,0.005255500514884003
1.397,,0.005317124398562216
1.3980000000000001,,0.005378845430984038
1.399,,0.005440668822583504
1.4,,0.005502557228155692
1.401,,0.005564585011173934
1.4020000000000001,,0.005625961588525498
1.4020000000000001,,0.005687359070803812
1.404,,0.005748715682195759
1.405,,0.005810056428194098
1.405,,0.005871397174192381
1.4060000000000001,,0.0059327868268876476
1.4060000000000001,,0.006005618473871159
1.4060000000000001,,0.006081792966470539
1.4060000000000001,,0.006158095673129636
1.411,,0.0062343102556432625
1.416,,0.006310529312020155
1.416,,0.006386777216390499
1.416,,0.006463047558281902
1.416,,0.006539497332625018
1.416,,0.006616083309060788
1.42,,0.00669275057109468
1.422,,0.006769534621057406
1.422,,0.006846559094095311
1.422,,0.006923828911165514
1.422,,0.007001280529022142
1.422,,0.007078988980121248
1.423,,0.007157061052447067
1.424,,0.007235312429728621
1.425,,0.0073138235911019665
1.426,,0.007392483831857616
1.427,,0.0074717043830886025
1.427,-0.00419549816,
1.428,,0.007551037139631736
1.429,,0.00763080759701988
1.43,,0.007710828983815132
1.431,,0.007791484325212772
1.432,,0.007872368562139149
1.432,,0.007954001713842524
1.433,,0.008035939842665247
1.434,,0.008118191759707363
1.437,,0.008200912130909163
1.437,,0.008284096927063406
1.441,,0.008367618739103045
1.441,,0.00845114055114306
1.441,,0.008520495687411101
1.441,,0.008590081984481059
1.441,,0.008659931000857763
1.446,,0.008730075820324666
1.446,,0.00880054951313407
1.446,,0.008871023205943742
1.446,,0.008942519376304347
1.447,,0.009014385830378144
1.451,,0.009086662805402683
1.451,,0.009159391014619026
1.451,,0.009232607235626595
1.451,,0.009306314578561337
1.455,,0.009380299778952958
1.455,,0.009454399879327908
1.455,,0.009528643742772158
1.455,,0.009602887606216554
1.459,,0.009677662310459955
1.459,,0.00975265283971824
1.459,,0.00982788613307009
1.459,,0.009903475295849277
1.463,,0.009979259594518666
1.463,,0.010055268875851307
1.463,,0.01013127815718413
1.463,,0.010208055866561866
1.467,,0.010285071421821416
1.467,,0.010362417182939405
1.467,,0.010440115985334892
1.467,,0.01051820111079853
1.471,,0.010596286236262487
1.471,,0.010675541719415586
1.471,,0.01075521860669752
1.471,,0.010835475842471288
1.475,,0.010915784435988684
1.475,,0.01099619206722515
1.475,,0.011076726899089024
1.475,,0.011157419254462383
1.479,,0.011238111609835896
1.479,,0.011319376328672926
1.479,,0.011400876144101419
1.479,,0.01148253153248043
1.483,,0.01156440837267779
1.483,,0.011646285212875376
1.483,,0.011728908489463442
1.483,,0.01181180183039099
1.487,,0.011895091083010179
1.487,,0.011978632176789808
1.487,,0.012062436169657019
1.487,,0.012146536934954816
1.487,,0.012230637700252893
1.491,,0.012315679443136204
1.491,,0.012401057295212426
1.491,,0.012486380781488922
1.4929999999999999,,0.012571854303209246
1.4929999999999999,,0.012657400860770019
1.494,,0.012743036472910661
1.495,,0.012828801317003605
1.496,,0.012914723747502058
1.4969999999999999,,0.013000646178000647
1.4969999999999999,,0.01308713259560221
1.498,,0.013173843932594579
1.499,-0.00419549816,
1.5,,0.013260807881515783
1.501,,0.013348069965414855
1.502,,0.013435665295085048
1.5030000000000001,,0.013523608519151551
1.504,,0.013611965907577704
1.504,,0.013700323296004433
1.504,,0.013789007593740823
1.504,,0.013877931279312134
1.508,,0.013966854964883719
1.509,,0.014055883039046117
1.51,,0.014145078831237796
1.5110000000000001,,0.014234365900738897
1.512,,0.014323757161587455
1.513,,0.014413278674202654
1.514,,0.01450295936944611
1.5150000000000001,,0.01459272533670161
1.516,,0.014682950824992907
1.517,,0.014773479238190888
1.524,,0.014864198168318023
1.524,,0.0149481910712179
1.524,,0.015025458846204084
1.524,,0.015102914011495496
1.524,,0.015180640602843668
1.524,,0.015258367194192065
1.524,,0.01533697805078515
1.524,,0.015415918858502834
1.529,,0.015495231022224732
1.534,,0.015574953296301713
1.534,,0.015654675570379195
1.534,,0.015736322341130017
1.534,,0.01581825902412368
1.534,,0.015900489889331956
1.534,,0.015983052272830013
1.534,,0.01606651769868233
1.534,,0.01615034132908944
1.534,,0.0162345469033788
1.538,,0.016319213354400116
1.538,,0.016404660342112264
1.538,,0.01649045006435663
1.5390000000000001,,0.01657623978660138
1.54,,0.01666313966088475
1.541,,0.016750415561887402
1.542,,0.0168381119826352
1.542,-0.01258649448,
1.5430000000000001,,0.01692627202006958
1.544,,0.0170160462096358
1.544,,0.017107059060788025
1.545,,0.017198071911941275
1.546,,0.01728928232376257
1.546,,0.0173805883138564
1.549,,0.01747233982386233
1.55,,0.017564522258049296
1.5510000000000002,,0.017657084676576246
1.552,,0.01775001624566138
1.553,,0.017843444457897827
1.553,,0.01793799962079697
1.554,,0.018033508311549564
1.563,,0.018129298770778395
1.564,,0.018225868292956738
1.567,,0.01832275111931241
1.567,,0.018419912650391872
1.567,,0.018517074181471704
1.567,,0.018615691952658366
1.567,,0.01871459972305005
1.567,,0.018813755470442384
1.567,,0.018913202413444113
1.568,,0.01901298190348805
1.568,,0.019112761393532626
1.568,,0.019213848246646088
1.568,,0.019315066991017173
1.575,,0.019417176980195232
1.583,,0.0195194743810589
1.583,,0.019621940736252803
1.583,,0.019724407091446853
1.583,,0.019827484413227882
1.583,,0.019930794943107732
1.583,,0.020034369399215053
1.583,,0.020137943855322863
1.583,,0.020242423138191183
1.583,,0.020347770765389763
1.583,,0.020453340274896037
1.583,,0.020558909784402606
1.583,,0.020665199314164582
1.583,,0.020771737727681237
1.583,,0.020878572553462968
1.583,,0.020987139757119234
1.588,,0.021095614965322886
1.588,,0.021204090173527056
1.588,,0.021313109310656785
1.588,,0.021422169808344365
1.589,,0.021532262571779308
1.5899999999999999,,0.021642355335215264
1.591,,0.02175282385963278
1.592,,0.02186349770723313
1.593,,0.02197526632878833
1.593,-0.01678199264,
1.5939999999999999,,0.02208715580009048
1.595,,0.022199045271393162
1.596,,0.02231183987353769
1.597,,0.022424871480349814
1.5979999999999999,,0.0225381904859527
1.5979999999999999,,0.022651509491556223
1.599,,0.022766594307032453
1.599,,0.02288200904097736
1.599,,0.022997707163401254
1.603,,0.023113731540439858
1.604,,0.023229755917479066
1.605,,0.023346950552004225
1.605,,0.0234660984639598
1.607,,0.023585557919781636
1.608,,0.023705017375604036
1.609,,0.023825525608323093
1.6099999999999999,,0.023948154682079996
1.6099999999999999,,0.02407102486367211
1.611,,0.024194611304949064
1.613,,0.02431848192670031
1.6139999999999999,,0.02444235254845241
1.6179999999999999,,0.024567237265897147
1.6179999999999999,,0.02468295212749624
1.6179999999999999,,0.024795638772285338
1.6179999999999999,,0.024908325417077888
1.619,,0.025021759095505747
1.624,,0.02513560723927467
1.624,,0.025252570976408262
1.624,,0.025369534713544042
1.624,,0.02548655847789314
1.624,,0.025603582242243367
1.627,,0.025722701894971823
1.627,,0.0258418215477058
1.627,,0.025962035506062475
1.627,,0.026082322691927576
1.629,,0.026204571289591624
1.629,,0.026326819950346032
1.63,,0.02644955616014761
1.6320000000000001,,0.02657261839400997
1.6320000000000001,-0.01678199264,
1.6320000000000001,,0.02669568062787332
1.634,,0.02682043925571873
1.635,,0.026945197884485142
1.6360000000000001,,0.027070882963501217
1.6360000000000001,,0.027196818123359723
1.6360000000000001,,0.027319337451617687
1.6360000000000001,,0.02743513473826435
1.6360000000000001,,0.027550932024912843
1.643,,0.027666729311561337
1.643,,0.02778252659820983
1.643,,0.027898323884858325
1.651,,0.02801418277480556
1.651,,0.028130545337096014
1.651,,0.02824972782627171
1.651,,0.028369797404799113
1.651,,0.028489802355266724
1.651,,0.028609767109299966
1.651,,0.028729714655218543
1.651,,0.028849662201137525
1.651,,0.028969866603453978
1.6520000000000001,,0.029091913176321982
1.665,,0.0292146525800076
1.665,,0.029337391983694342
1.665,,0.02946027214479231
1.665,,0.029583152305890998
1.665,,0.029708143056262723
1.665,,0.02983573530922132
1.665,,0.029963327562192263
1.665,,0.030090919815163205
1.665,,0.030218633342899075
1.665,,0.030346346870636007
1.665,,0.03047406039837294
1.665,,0.030601633593184192
1.666,,0.030728903578818422
1.667,,0.03086407227398846
1.6680000000000001,,0.030998963590681897
1.669,,0.03113359163553052
1.67,,0.03126798351673296
1.67,-0.02517298896,
1.671,,0.03140216175302809
1.6720000000000002,,0.03153633998932373
1.673,,0.03167051822561937
1.674,,0.0318120435694121
1.674,,0.031953229224885436
1.675,,0.03209410143583859
1.6760000000000002,,0.03223467940982159
1.677,,0.032374989532574554
1.683,,0.032515299655328435
1.683,,0.03265871584898103
1.683,,0.03280583585245914
1.683,,0.03295295585594058
1.683,,0.03310007585942202
1.683,,0.03324719586290346
1.683,,0.03339631314561097
1.6840000000000002,,0.03354533588405837
1.6840000000000002,,0.03369435862250577
1.685,,0.03384338136095317
1.685,,0.03399624271898047
1.6909999999999998,,0.03415155928397545
1.6909999999999998,,0.03430640043470417
1.6949999999999998,,0.034461241585432886
1.6949999999999998,,0.0346160827361616
1.6949999999999998,,0.03477092388689032
1.6949999999999998,,0.03492576503761904
1.6989999999999998,,0.035082406184502715
1.6989999999999998,,0.035239047331389224
1.6989999999999998,,0.03539568847827573
1.6989999999999998,,0.03555403262985324
1.7029999999999998,,0.0357120802570554
1.7029999999999998,,0.035870257218214845
1.7029999999999998,,0.03602802908202856
1.7029999999999998,,0.03618747629927664
1.704,,0.03634692351652611
1.7069999999999999,,0.03650637073377558
1.7069999999999999,,0.03666623633765232
1.7069999999999999,,0.036826101941531214
1.7069999999999999,,0.03699125154415231
1.7069999999999999,,0.03715577850098546
1.7069999999999999,,0.037319666297493774
1.7109999999999999,,0.037483554094003224
1.712,,0.037647441890512674
1.713,,0.03781979926086169
1.713,-0.02936848712,
1.714,,0.03799614091293023
1.7149999999999999,,0.03817120115400946
1.7149999999999999,,0.03834626139508869
1.717,,0.03852132163616792
1.718,,0.03869638187724715
1.7189999999999999,,0.03887144211832638
1.72,,0.03904650235940561
1.721,,0.039221562600484844
1.722,,0.03940358210951871
1.7229999999999999,,0.03958842826226655
1.7309999999999999,,0.03977147843961905
1.7309999999999999,,0.039954528616971546
1.7309999999999999,,0.040137578794324044
1.7309999999999999,,0.04032062897167654
1.7309999999999999,,0.04050367914902904
1.7309999999999999,,0.04067894794380232
1.7309999999999999,,0.04085864165971045
1.7309999999999999,,0.04103565394506898
1.7349999999999999,,0.04121216659064234
1.7349999999999999,,0.041388679236215704
1.7349999999999999,,0.04156519188178907
1.7349999999999999,,0.04174170452736243
1.7349999999999999,,0.04191821717293579
1.7349999999999999,,0.04209969063083371
1.7349999999999999,,0.04228116408874238
1.7389999999999999,,0.042465824003537565
1.7389999999999999,,0.04265033638196347
1.7389999999999999,,0.04283484876038938
1.7389999999999999,,0.043019361138815285
1.7429999999999999,,0.04320387351724119
1.744,,0.0433883858956671
1.745,,0.043572898274093004
1.745,-0.03775948344,
1.746,,0.04375741065251891
1.7469999999999999,,0.043944932246238265
1.748,,0.044132453839963975
1.749,,0.044323574892551905
1.75,,0.04451450885258297
1.751,,0.04470544281261404
1.755,,0.0448963767726451
1.755,,0.04508731073267617
1.755,,0.04528345228622365
1.755,,0.04548447772923954
1.756,,0.04568460641240084
1.7570000000000001,,0.04588473509556214
1.758,,0.04608486377872344
1.759,,0.046284992461884736
1.76,,0.0464890799395438
1.7610000000000001,,0.046696499829939356
1.762,,0.04690391972033958
1.768,,0.04711133961073981
1.768,,0.047318759501140034
1.768,,0.04752617939154026
1.768,,0.04772741651697998
1.768,,0.04792679015775983
1.768,,0.04812616379833878
1.771,,0.04832553743891772
1.771,,0.04853258985778312
1.771,,0.04873865253321167
1.775,,0.048944715208640216
1.775,,0.04915364038540099
1.775,,0.04936256556216634
1.775,,0.04957149073893169
1.78,,0.04978041591569704
1.78,,0.04998934109246239
1.78,,0.05019826626922774
1.78,,0.050407191445993094
1.78,,0.05061803929427159
1.7850000000000001,,0.05082799287583879
1.7930000000000001,,0.05103794645740628
1.7930000000000001,,0.051255233293737094
1.7930000000000001,,0.05147252013007423
1.7930000000000001,,0.051689806966411365
1.7930000000000001,,0.0519070938027485
1.7930000000000001,,0.052124380639085637
1.7930000000000001,,0.052345803772352865
1.7930000000000001,,0.05256603899749813
1.7930000000000001,,0.05279114597766174
1.7930000000000001,,0.05301942899565685
1.7930000000000001,,0.05324771201365652
1.7930000000000001,,0.0534759950316562
1.796,,0.05370940211396471
1.796,,0.053942809196275546
1.796,,0.05417953599572821
1.7970000000000002,,0.05441626279518534
1.798,,0.05465298959464247
1.804,,0.054889716394099605
1.804,,0.055133561561788974
1.804,,0.055377406729529594
1.804,,0.05562125189727021
1.804,,0.05586509706501083
1.804,,0.05610894223275145
1.8050000000000002,,0.05636302266769532
1.806,,0.056613412897214714
1.807,,0.05686370964487893
1.808,,0.05711400639254315
1.8090000000000002,,0.05736430314020737
1.8090000000000002,-0.041954981599999996,
1.81,,0.05761459988787159
1.811,,0.05786489663553581
1.812,,0.05811519338320003
1.813,,0.05836909653099103
1.814,,0.058622146814977245
1.815,,0.05887519709896798
1.8159999999999998,,0.05912824738295871
1.817,,0.059391256878455895
1.819,,0.05965317121433816
1.819,,0.05991508555022043
1.821,,0.060173677917293215
1.821,,0.060449196005156546
1.822,,0.060722343653157956
1.823,,0.06099549130115937
1.8239999999999998,,0.06126863894916078
1.825,,0.061551458986051966
1.826,,0.061833424084260534
1.827,,0.0621153891824691
1.8279999999999998,,0.06239735428067767
1.829,,0.06267931937888624
1.83,,0.0629612844770948
1.833,,0.06325460037007692
1.833,,0.06354529592500095
1.833,,0.06383599147992498
1.833,,0.06412668703484901
1.8399999999999999,,0.06441707745167521
1.8399999999999999,,0.0647053845949356
1.8399999999999999,,0.064993691738196
1.8399999999999999,,0.06528199888145639
1.8399999999999999,,0.06557030602471678
1.8399999999999999,,0.06585861316797717
1.8439999999999999,,0.06614692031123756
1.8439999999999999,,0.06643522745449795
1.8439999999999999,,0.06672353459775834
1.8439999999999999,,0.06701184174101874
1.8479999999999999,,0.06730014888427913
1.8479999999999999,,0.06758211924075685
1.8479999999999999,,0.06787232307344498
1.8479999999999999,,0.06816252690613969
1.8479999999999999,,0.06846601638489719
1.8479999999999999,,0.06876950586367052
1.8479999999999999,,0.06907299534244385
1.8479999999999999,,0.06937648482121718
1.8479999999999999,,0.06967997429999051
1.8479999999999999,,0.06998346377876384
1.8479999999999999,,0.07029880480496442
1.87,-0.05454147608,
1.873,,0.07061414583117526
1.873,,0.07092948685738609
1.873,,0.07124482788359693
1.873,,0.07156750415779212
1.873,,0.07189018043199784
1.873,,0.07221285670620356
1.873,,0.07253553298040928
1.873,,0.072858209254615
1.873,,0.07318088552882072
1.873,,0.07350356180302645
1.873,,0.07382623807723217
1.873,,0.07414891435143789
1.873,,0.07447159062564361
1.873,,0.07479426689984933
1.873,,0.07511694317405505
1.873,,0.07543961944826078
1.873,,0.0757622957224665
1.873,,0.07609974145180827
1.874,,0.07643718718116578
1.875,,0.07678551559000306
1.876,,0.07712955722945491
1.877,,0.07747359886890677
1.8780000000000001,,0.07782795619946685
1.879,,0.07818231353003745
1.88,,0.07853667086060805
1.881,,0.07889102819117864
1.8820000000000001,,0.07924538552174924
1.8820000000000001,,0.07959974285231984
1.884,,0.07995410018289044
1.884,,0.08030845751346104
1.884,,0.08066281484403164
1.884,,0.08101717217460223
1.8900000000000001,,0.08137152950517283
1.8900000000000001,,0.08172588683574343
1.8900000000000001,,0.08208024416631403
1.893,,0.08243460149688463
1.893,,0.08278895882745523
1.893,,0.08313244276670534
1.896,,0.08348839772033476
1.896,,0.08385487460034156
1.896,,0.08422135148035734
1.896,,0.08458782836037311
1.897,,0.08495430524038888
1.9,,0.08532078212040466
1.9,,0.08568725900042043
1.901,,0.0860537358804362
1.9020000000000001,,0.08642917755188301
1.9020000000000001,-0.07132346872,
1.903,,0.08680329335250521
1.904,,0.08717740915312741
1.904,,0.08755152495374961
1.9060000000000001,,0.08792564075437181
1.907,,0.08829975655499402
1.908,,0.08867387235561622
1.908,,0.08904798815623842
1.909,,0.08942210395686062
1.911,,0.08980465776830403
1.911,,0.09018179311337486
1.912,,0.0905589284584457
1.9140000000000001,,0.09093606380351653
1.915,,0.09131319914858736
1.916,,0.09171203245925456
1.917,,0.09211004258832924
1.92,,0.09250805271741333
1.92,,0.09290606284649743
1.92,,0.09330407297558152
1.921,,0.09370208310466561
1.9220000000000002,,0.09410009323374971
1.923,,0.0944968378464903
1.924,,0.09489284250154495
1.924,,0.0952888471565996
1.9260000000000002,,0.09568485181165426
1.929,,0.09608085646670891
1.929,,0.09647686112176357
1.929,,0.09687286577681822
1.933,,0.09726887043187288
1.933,,0.09766487508692753
1.933,,0.09806087974198219
1.933,,0.09845688439703684
1.933,,0.09887685164684716
1.935,,0.0992965374377131
1.935,,0.09971622322857905
1.94,,0.100135909019445
1.9409999999999998,,0.10055559481031094
1.9409999999999998,,0.10097528060117689
1.9409999999999998,,0.1014112212195035
1.9409999999999998,,0.10184716184856211
1.9409999999999998,,0.10228310247762074
1.943,,0.10271904310667936
1.943,-0.08390996319999999,
1.944,,0.10315498373573798
1.944,,0.1035909243647966
1.944,,0.10402686499385522
1.944,,0.10446280562291384
1.947,,0.10489874625197246
1.9489999999999998,,0.10533468688103108
1.9489999999999998,,0.1057706275100897
1.951,,0.10620656813914832
1.951,,0.10664250876820694
1.9529999999999998,,0.10707844939726556
1.9569999999999999,,0.10751439002632418
1.96,,0.1079503306553828
1.96,,0.10838627128444142
1.96,,0.108848355885595
1.96,,0.10929529126566442
1.96,,0.10974222664573385
1.96,,0.11018916202580328
1.9609999999999999,,0.11063609740587271
1.9649999999999999,,0.11108303278594214
1.9649999999999999,,0.11152996816601157
1.9649999999999999,,0.111976903546081
1.9649999999999999,,0.11242383892615043
1.9689999999999999,,0.11289717559450406
1.9689999999999999,,0.11336105781196408
1.9689999999999999,,0.1138249400294241
1.9689999999999999,,0.11428882224688412
1.9729999999999999,,0.11475270446434414
1.9769999999999999,,0.11521658668180416
1.9769999999999999,,0.11568046889926419
1.9769999999999999,,0.1161443511167242
1.9769999999999999,,0.11660823333418423
1.9769999999999999,,0.11707211555164425
1.9769999999999999,,0.11753599776910427
1.9769999999999999,,0.11799987998656429
1.9809999999999999,,0.11846376220402431
1.9809999999999999,,0.11892764442148433
1.9809999999999999,,0.11939152663894435
1.9809999999999999,,0.11985540885640437
1.9809999999999999,,0.1203192910738644
1.9809999999999999,,0.12078317329132442
1.9809999999999999,,0.12124705550878444
1.982,,0.12171093772624446
1.982,,0.12217481994370448
1.988,,0.1226387021611645
1.988,,0.12310258437862452
1.988,,0.12357401148544316
1.992,,0.12404543859229196
1.992,,0.12451686569914076
1.992,,0.12498829280598957
2.004,,0.12545971991283839
2.008,,0.1259311470196872
2.008,,0.126402574126536
2.008,,0.1268740012333848
2.008,,0.1273454283402336
2.008,,0.12784250650055726
2.008,,0.12832635291940578
2.008,,0.1288101993382543
2.008,,0.12929404575710282
2.008,,0.12977789217595134
2.008,,0.13026173859479986
2.008,,0.13074558501364839
2.008,,0.1312294314324969
2.008,,0.13171327785134543
2.008,,0.13219712427019395
2.008,,0.13268097068904247
2.008,,0.133164817107891
2.01,,0.13364866352673951
2.01,,0.13413250994558804
2.011,-0.09649645768,
2.012,,0.13461635636443656
2.013,,0.13510020278328508
2.013,,0.1355840492021336
2.015,,0.13606789562098212
2.016,,0.13655174203983064
2.017,,0.13703558845867916
2.017,,0.13751943487752769
2.019,,0.1380032812963762
2.02,,0.13848432049339882
2.021,,0.13896535969041893
2.022,,0.13945308140820592
2.023,,0.1399693199096946
2.024,,0.1404855584109391
2.025,,0.1410017969121836
2.026,,0.14151803541342808
2.027,,0.14203427391467258
2.028,,0.14255051241591707
2.029,,0.14306675091716156
2.03,,0.14358298941840605
2.031,,0.14409922791965055
2.032,,0.14461546642089504
2.033,,0.14513170492213953
2.034,,0.14564794342338402
2.035,,0.14616418192462852
2.035,,0.146680420425873
2.037,,0.1471966589271175
2.038,,0.147712897428362
2.038,,0.1482291359296065
2.038,,0.14874537443085098
2.038,,0.14926161293209547
2.038,,0.14977785143333996
2.038,,0.15029408993458446
2.038,,0.15081032843582895
2.038,,0.15132656693707344
2.046,,0.15184280543831793
2.047,,0.15235904393956243
2.048,,0.15287528244080692
2.048,-0.13006044296,
2.049,,0.1533915209420514
2.049,,0.1539077594432959
2.049,,0.1544239979445404
2.052,,0.1549402364457849
2.053,,0.15545647494702938
2.053,,0.15597271344827388
2.055,,0.15648895194951837
2.055,,0.15700519045076286
2.057,,0.15752142895200735
2.057,,0.15803766745325185
2.058,,0.15855390595449634
2.06,,0.15907014445574083
2.06,,0.15958638295698532
2.061,,0.16010262145822982
2.063,,0.1606188599594743
2.064,,0.1611350984607188
2.065,,0.1616513369619633
2.068,,0.16216757546320779
2.068,,0.16268381396445228
2.068,,0.16320005246569677
2.069,,0.16371629096694126
2.07,,0.16423252946818576
2.072,,0.16474876796943025
2.072,,0.16526500647067474
2.073,,0.16578124497191923
2.073,,0.16629748347316373
2.073,,0.16681372197440822
2.075,,0.1673299604756527
2.081,,0.1678461989768972
2.081,,0.1683624374781417
2.081,,0.1688786759793862
2.081,,0.16939491448063068
2.081,,0.16991115298187517
2.083,-0.1468424356,
2.099,,0.17042739148311967
2.101,,0.17094362998436416
2.101,,0.17145986848560865
2.101,,0.17197610698685314
2.101,,0.17249234548809764
2.101,,0.17300858398934213
2.101,,0.17352482249058662
2.101,,0.17404106099183111
2.101,,0.1745572994930756
2.101,,0.1750735379943201
2.101,,0.1755897764955646
2.101,,0.17610601499680908
2.101,,0.17662225349805358
2.101,,0.17713849199929807
2.101,,0.17765473050054256
2.101,,0.17817096900178706
2.101,,0.17868720750303155
2.101,,0.17920344600427604
2.101,,0.17971968450552053
2.101,,0.18023592300676503
2.101,,0.18075216150800952
2.102,,0.181268400009254
2.102,,0.1817846385104985
2.102,,0.182300877011743
2.102,,0.1828171155129875
2.102,,0.18333335401423198
2.102,,0.18384959251547647
2.102,,0.18436583101672097
2.102,,0.18488206951796546
2.103,,0.18539830801920995
2.103,,0.18591454652045444
2.103,,0.18643078502169894
2.103,,0.18694702352294343
2.103,,0.18746326202418792
2.103,,0.1879795005254324
2.103,,0.1884957390266769
2.121,,0.1890119775279214
2.121,,0.1895282160291659
2.121,,0.19004445453041038
2.121,,0.19056069303165488
2.121,,0.19107693153289937
2.126,,0.19159317003414386
2.126,,0.19210940853538835
2.126,,0.19262564703663285
2.126,,0.19314188553787734
2.126,,0.19365812403912183
2.126,,0.19417436254036632
2.13,,0.19469060104161082
2.13,,0.1952068395428553
2.1310000000000002,,0.1957230780440998
2.1310000000000002,,0.1962393165453443
2.1310000000000002,,0.1967555550465888
2.1310000000000002,,0.19727179354783328
2.1310000000000002,,0.19778803204907777
2.1310000000000002,,0.19830427055032226
2.1310000000000002,,0.19882050905156676
2.1310000000000002,,0.19933674755281125
2.1310000000000002,,0.19985298605405574
2.1310000000000002,,0.20036922455530023
2.1310000000000002,,0.20088546305654473
2.148,,0.20140170155778922
2.148,,0.2019179400590337
2.148,,0.2024341785602782
2.148,,0.2029504170615227
2.148,,0.2034666555627672
2.148,,0.20398289406401168
2.148,,0.20449913256525618
2.149,,0.20501537106650067
2.158,,0.20553160956774516
2.158,,0.20604784806898965
2.158,,0.20656408657023415
2.158,,0.20708032507147864
2.158,,0.20759656357272313
2.158,,0.20811280207396762
2.158,,0.20862904057521212
2.158,,0.2091452790764566
2.158,,0.2096615175777011
2.159,,0.2101777560789456
2.16,,0.21069399458019009
2.161,,0.21121023308143458
2.161,,0.21172647158267907
2.162,,0.21224271008392356
2.163,,0.21275894858516806
2.164,-0.16781992639999999,
2.165,,0.21327518708641255
2.166,,0.21379142558765704
2.167,,0.21430766408890153
2.168,,0.21482390259014603
2.169,,0.21534014109139052
2.17,,0.215856379592635
2.171,,0.2163726180938795
2.172,,0.216888856595124
2.177,,0.2174050950963685
2.177,,0.21792133359761298
2.177,,0.21843757209885747
2.177,,0.21895381060010197
2.177,,0.21947004910134646
2.178,,0.21998628760259095
2.181,,0.22050252610383544
2.181,,0.22101876460507994
2.181,,0.22153500310632443
2.181,,0.22205124160756892
2.181,,0.22256748010881341
2.181,,0.2230837186100579
2.181,,0.2235999571113024
2.181,,0.2241161956125469
2.181,,0.22463243411379138
2.181,,0.22514867261503588
2.181,,0.22566491111628037
2.183,,0.22618114961752486
2.201,,0.22669738811876936
2.201,,0.22721362662001385
2.201,,0.22772986512125834
2.201,,0.22824610362250283
2.201,,0.22876234212374733
2.201,,0.22927858062499182
2.201,,0.2297948191262363
2.201,,0.2303110576274808
2.201,,0.2308272961287253
2.201,,0.2313435346299698
2.201,,0.23185977313121428
2.206,,0.23237601163245877
2.206,,0.23289225013370327
2.206,,0.23378825903244246
2.206,,0.23465898062129012
2.206,,0.23552982910747178
2.206,,0.23640067759365344
2.207,,0.2372715260798351
2.208,,0.23814237456601675
2.209,,0.23901290757623547
2.21,,0.23988308921418133
2.21,-0.20557940984,
2.211,,0.2407532708521272
2.212,,0.24162345249007305
2.214,,0.24249363412801891
2.214,,0.24336381576596477
2.216,,0.24423399740391064
2.216,,0.2451041790418565
2.218,,0.24597528100450836
2.218,,0.24684589287421901
2.219,,0.24771653086509954
2.22,,0.24858716885598006
2.222,,0.24945780684686059
2.222,,0.2503284448377411
2.223,,0.2511990828286216
2.227,,0.2520692304405006
2.227,,0.25293948867249644
2.227,,0.25380974690449226
2.231,,0.2546800051364881
2.231,,0.25555001170788194
2.231,,0.2564200182792758
2.231,,0.25729002485066965
2.238,,0.2581600314220635
2.24,,0.259029628950443
2.24,,0.2598992125496756
2.24,,0.2607688288283049
2.24,,0.2616384451069342
2.24,,0.2625080613855635
2.24,,0.2633776776641928
2.24,,0.2642472939428221
2.24,,0.2651169102214514
2.241,,0.2659865265000807
2.241,,0.26685461058218224
2.242,-0.22655690064,
2.243,,0.2677231696983572
2.2439999999999998,,0.26859172881453214
2.2439999999999998,,0.2694602879307071
2.245,,0.27032884704688204
2.246,,0.271197406163057
2.247,,0.27206611138852066
2.249,,0.2729348166139843
2.25,,0.0
2.253,,0.0
2.253,,0.0
2.253,,0.0
2.254,,0.0
2.255,,0.0
2.2560000000000002,,0.0
2.257,,0.0
2.267,,0.0
2.267,,0.0
2.267,,0.0
2.267,,0.0
2.267,,0.0
2.267,,0.0
2.267,,0.0
2.267,,0.0
2.267,,0.0
2.267,,0.0
2.2720000000000002,,0.0
2.2720000000000002,,0.0
2.2720000000000002,,0.0
2.2720000000000002,,0.0
2.2720000000000002,,0.0
2.273,,0.0
2.273,,0.0
2.273,,0.0
2.273,,0.0
2.277,,0.0
2.279,,0.0
2.279,,0.0
2.283,,0.0
2.284,,0.0
2.284,,0.0
2.284,,0.0
2.284,,0.0
2.285,,0.0
2.286,,0.0
2.286,,0.0
2.288,,0.0
2.289,,0.0
2.29,,0.0
2.291,,0.0
2.291,0.0,
2.292,,0.0
2.293,,0.0
2.294,,0.0
2.295,,0.0
2.296,,0.0
2.297,,0.0
2.298,,0.0
2.299,,0.0
2.3,,0.0
2.301,,0.0
2.302,,0.0
2.303,,0.0
2.304,,0.0
2.305,,0.0
2.306,,0.0
2.31,,0.0
2.31,,0.0
2.31,,0.0
2.31,,0.0
2.31,,0.0
2.311,,0.0
2.311,,0.0
2.311,,0.0
2.314,,0.0
2.316,,0.0
2.32,,0.0
2.32,,0.0
2.32,,0.0
2.32,,0.0
2.323,,0.0
2.323,,0.0
2.323,,0.0
2.324,,0.0
2.324,,0.0
2.326,,0.0
2.327,,0.0
2.328,,0.0
2.329,,0.0
2.33,,0.0
2.33,0.0,
2.33,,0.0
2.332,,0.0
2.332,,0.0
2.334,,0.0
2.335,,0.0
2.335,,0.0
2.336,,0.0
2.338,,0.0
2.339,,0.0
2.34,,0.0
2.341,,0.0
2.341,,0.0
2.343,,0.0
2.344,,0.0
2.344,,0.0
2.346,,0.0
2.347,,0.0
2.348,,0.0
2.35,,0.0
2.35,,0.0
2.351,,0.0
2.355,,0.0
2.355,,0.0
2.355,,0.0
2.355,,0.0
2.356,,0.0
2.359,,0.0
2.359,,0.0
2.359,,0.0
2.36,,0.0
2.36,,0.0
2.36,,0.0
2.366,,0.0
2.366,,0.0
2.366,,0.0
2.366,,0.0
2.366,,0.0
2.366,,0.0
2.366,,0.0
2.366,,0.0
2.366,,0.0
2.366,,0.0
2.366,,0.0
2.366,,0.0
2.375,,0.0
2.376,,0.0
2.377,,0.0
2.378,,0.0
2.379,,0.0
2.38,,0.0
2.3810000000000002,,0.0
2.3810000000000002,0.0,
2.382,,0.0
2.383,,0.0
2.384,,0.0
2.385,,0.0
2.386,,0.0
2.387,,0.0
2.388,,0.0
2.3890000000000002,,0.0
2.39,,0.0
2.391,,0.0
2.392,,0.0
2.394,,0.0
2.394,,0.0
2.394,,0.0
2.394,,0.0
2.394,,0.0
2.398,,0.0
2.398,,0.0
2.399,,0.0
2.404,,0.0
2.404,,0.0
2.404,,0.0
2.404,,0.0
2.404,,0.0
2.407,,0.0
2.407,,0.0
2.407,,0.0
2.411,,0.0
2.414,,0.0
2.414,,0.0
2.414,,1.2280975052149931e-05
2.414,,2.449844917585536e-05
2.415,,3.676353267887523e-05
2.419,,4.898108924856946e-05
2.419,,6.123574010195367e-05
2.419,,7.344050986222171e-05
2.419,,8.560893846056731e-05
2.419,,9.773350254246246e-05
2.419,,0.00010982238697254932
2.42,,0.0001218637493154084
2.421,,0.00013382185529573428
2.423,,0.00014571266748923854
2.423,0.0,
2.423,,0.00015753909326747973
2.424,,0.00016927359901058812
2.425,,0.00018092560957867572
2.427,,0.00019248692697632923
2.428,,0.000203952449098162
2.429,,0.0002153163452560261
2.43,,0.0002265727673813715
2.43,,0.0002377158532216742
2.432,,0.0002487397216308611
2.432,,0.0002596384680507144
2.434,,0.0002704061603245879
2.435,,0.00028117385259838026
2.436,,0.00029156427122604473
2.437,,0.00030183155819608193
2.438,,0.0003119852798681654
2.438,,0.00032196395206417764
2.44,,0.0003317840894147077
2.441,,0.0003414375196076713
2.442,,0.00035090423970251177
2.443,,0.00036018982205668966
2.444,,0.00036928653020361536
2.444,,0.0003781869317475358
2.446,,0.00038688378959892013
2.45,,0.0003953696809115016
2.45,,0.00039232796925934383
2.45,,0.0003857906992229073
2.45,,0.0003790529042047112
2.45,,0.0003721159498883291
2.45,,0.0003650614464835924
2.45,,0.00035753962793610267
2.45,,0.0003498213973649415
2.45,,0.0003419404570030585
2.45,,0.00033383072118806036
2.45,,0.0003255040466391537
2.45,,0.00031695908066309996
2.45,,0.0003081957790061117
2.45,,0.00029921393710866616
2.451,,0.0002900133412220166
2.464,,0.0002806806557821963
2.464,,0.00027104188813764245
2.464,,0.00026117980519375667
2.465,,0.00025111041131134845
2.466,,0.0002408479979666326
2.466,0.0,
2.467,,0.0002303915791549634
2.468,,0.00021973747041527085
2.469,,0.00020904896054016014
2.4699999999999998,,0.00019820593534570233
2.471,,0.00018801709454427636
2.472,,0.000177400368500452
2.473,,0.00016698330851184422
2.474,,0.00015661683093640515
2.475,,0.00014629885452774745
2.475,,0.0001360269146902028
2.475,,0.00012579788372551085
2.475,,0.00011560943928663033
2.475,,0.00010545870119530158
2.475,,9.534325934419615e-05
2.475,,8.525884743563081e-05
2.475,,7.520357410189271e-05
2.475,,6.51744705826312e-05
2.475,,5.516855957323475e-05
2.475,,4.518285845402775e-05
2.4859999999999998,,3.5214380492805745e-05
2.487,,2.5260135687814404e-05
2.487,,1.5317131314208272e-05
2.489,,5.3823722243701775e-06
2.489,0.0,
2.49,,-4.547213471761226e-06
2.491,,-1.4476799167862949e-05
2.492,,-2.4357755281894492e-05
2.493,,-3.426163050708885e-05
2.4939999999999998,,-4.420269311041877e-05
2.495,,-5.4150089850787924e-05
2.508,,-6.411086028929336e-05
2.511,,-7.408801238251949e-05
2.511,,-8.408452827013618e-05
2.511,,-9.410344539316818e-05
2.511,,-0.0001041478343091895
2.511,,-0.00011422078534551051
2.511,,-0.00012432540102791644
2.511,,-0.00013446479222532987
2.511,,-0.00014464207663896303
2.511,,-0.0001548603788246682
2.511,,-0.0001651230968439533
2.511,,-0.0001750634397674401
2.511,,-0.00018484814908651843
2.511,,-0.0001940882829548698
2.511,,-0.0002031114540589067
2.511,,-0.00021185249054692847
2.515,,-0.0002203274432516602
2.515,,-0.0002285347709687435
2.515,,-0.00023647397152405552
2.515,,-0.00024414529300507314
2.519,,-0.00025154950532587874
2.519,,-0.0002586877341253301
2.519,,-0.00026556134016058263
2.519,,-0.0002721718318740681
2.519,,-0.00027852080212757837
2.523,,-0.000284609882524662
2.523,,-0.0002904407105189708
2.523,,-0.0002960149058055188
2.527,,-0.00030133405344155825
2.527,,-0.00030639969183768724
2.527,,-0.0003112133042664555
2.527,,-0.00031577631290530115
2.532,,-0.00032017091790396463
2.532,,-0.0003241885649903616
2.532,,-0.00032777555048892396
2.532,,-0.0003313417503548074
2.532,,-0.0003346581645062436
2.534,,-0.0003377344847950565
2.536,,-0.00034057067457059
2.536,,-0.0003431668992929028
2.536,,-0.00034552344272018775
2.542,,-0.0003476406550093126
2.542,,-0.0003495189148507669
2.542,,-0.0003511586018723803
2.542,,-0.00035256007655267286
2.542,,-0.0003537236656206261
2.542,,-0.00035464965145892675
2.542,,-0.00035533826442447127
2.543,,-0.00035578967729088247
2.544,,-0.00035600400123126725
2.547,,-0.00035598128291592886
2.547,,-0.00035579751867716885
2.547,,-0.0003552561040507523
2.548,,-0.00035429769337548376
2.549,,-0.0003533154349938038
2.55,,-0.0003520935060995279
2.551,0.0,
2.551,,-0.00035063666283893894
2.552,,-0.00034894355699769053
2.5540000000000003,,-0.00034701301299218287
2.5540000000000003,,-0.00034484396351782673
2.556,,-0.0003424354009430229
2.556,,-0.0003397863415491255
2.558,,-0.00033689579922107623
2.558,,-0.00033376276608571947
2.559,,-0.0003303861982529489
2.56,,-0.0003267650053006329
2.561,,-0.0003228980425025261
2.5629999999999997,,-0.00031886374722099164
2.564,,-0.0003144526750563672
2.564,,-0.0003096069013606481
2.567,,-0.00030473286684093356
2.567,,-0.00028828155407799517
2.5709999999999997,,-0.00026830487472436876
2.5709999999999997,,-0.00024808412303048167
2.5709999999999997,,-0.0002276216127241553
2.5709999999999997,,-0.00020691980269059776
2.574,,-0.0001859812376948067
2.574,,-0.00016480850522963147
2.575,,-0.00014340420445481072
2.575,,-0.00012177092392207235
2.578,,-9.991122567773153e-05
2.578,,-7.782763398848978e-05
2.5789999999999997,,-5.5592357533853454e-05
2.5789999999999997,,-3.303061755350707e-05
2.582,,-1.0082683365533114e-05
2.582,,1.291530351043312e-05
2.582,,3.609688892383794e-05
2.582,,5.952747676924897e-05
2.584,,8.324818038263137e-05
2.585,,0.00010707315903804789
2.586,,0.0001311240663538966
2.5869999999999997,,0.00015537168499570563
2.5869999999999997,0.0,
2.588,,0.00017987115838610237
2.589,,0.00020449815092693483
2.589,,0.00022936098357556275
2.591,,0.0002543918675611849
2.591,,0.0002796581115276056
2.593,,0.000305059889390852
2.594,,0.00033069576829641075
2.5949999999999998,,0.00035648342198777
2.5949999999999998,,0.0003824983065460691
2.5949999999999998,,0.0004086496753856878
2.598,,0.0004350301047946118
2.599,,0.0004615524708627243
2.6,,0.0004882971081543074
2.601,,0.0005151762930525325
2.601,,0.0005422792801320064
2.605,,0.000569517816906557
2.605,,0.0005969749912210875
2.605,,0.0006245639271972687
2.605,,0.0006523721862988693
2.605,,0.000680311616051489
2.605,,0.000708466817846996
2.605,,0.0007367510972461373
2.605,,0.0007652512353788137
2.6109999999999998,,0.0007938794992804986
2.612,,0.0008227213279606477
2.616,,0.0008516900761510437
2.616,,0.0008808722272381846
2.616,,0.0009101804888221426
2.616,,0.0009397007867053077
2.6189999999999998,,0.0009693465513882148
2.6189999999999998,,0.000999204212271176
2.6189999999999998,,0.0010291868650445335
2.622,,0.0010593807475031232
2.622,,0.0010896994208014286
2.622,,0.0011202293787740114
2.625,,0.0011508840516260095
2.625,,0.0011817499054250934
2.625,,0.0012127406777451416
2.625,,0.0012439429825109294
2.627,,0.001275270546736434
2.628,,0.001306810026561493
2.629,,0.0013384753671171776
2.629,0.0,
2.63,,0.0013703533280625818
2.6310000000000002,,0.0014023579109148706
2.6310000000000002,,0.0014345759458564145
2.6310000000000002,,0.0014669216053846451
2.633,,0.0014994818069698145
2.635,,0.0015321708154619035
2.636,,0.0015650756297149243
2.637,,0.0015981106624129912
2.637,,0.001631362995302555
2.638,,0.0016647471526523496
2.64,,0.0016983503017997045
2.641,,0.0017320871047737088
2.642,,0.0017660448121602404
2.642,,0.0018001382083300817
2.643,,0.0018344546315874903
2.648,,0.0018689090009472247
2.652,,0.0019105833086686453
2.652,,0.0019597400275512566
2.652,,0.0020094008029909664
2.652,,0.0020591310067011328
2.652,,0.0021090800405169636
2.652,,0.0021591579510144344
2.652,,0.0022094371466166956
2.652,,0.0022598330282713503
2.654,,0.0023104245652721734
2.654,,0.002361131490987569
2.656,,0.0024120262986679643
2.656,,0.00246302725712503
2.658,,0.002514211497078656
2.659,,0.0025654978390840053
2.66,,0.0026169602802352384
2.66,0.0,
2.66,,0.002668517878730671
2.661,,0.0027202469039361563
2.662,,0.002772066136548226
2.664,,0.002824050392963167
2.665,,0.0028761190007185423
2.665,,0.0029283478524579757
2.666,,0.0029806559426504326
2.667,,0.00303311853201421
2.668,,0.003085655077841191
2.669,,0.003138341341406804
2.6710000000000003,,0.0031910965677012567
2.672,,0.0032439962670486482
2.672,,0.0032969717946656767
2.676,,0.0033500847164134287
2.676,,0.0034032455348065134
2.676,,0.003456543605658452
2.676,,0.003509895857896154
2.676,,0.00356337849704245
2.676,,0.0036169111205987775
2.676,,0.00367056962468935
2.676,,0.0037242737269563993
2.682,,0.0037780992296740246
2.683,,0.0038319659768951205
2.684,,0.003885949869359788
2.685,,0.003939970778745167
2.686,,0.003994104584333119
2.6870000000000003,,0.004048271259963247
2.6879999999999997,,0.004102546739122423
2.689,,0.004156851034116014
2.69,,0.0042112600789153895
2.69,0.0,
2.69,,0.004265705747932994
2.692,,0.00432024985426331
2.693,,0.004374803573561629
2.693,,0.004429456519120369
2.693,,0.004484126158849148
2.693,,0.004538888958877625
2.6959999999999997,,0.004593665092797406
2.698,,0.004648530668079335
2.699,,0.00470340592033319
2.7,,0.004758366860555967
2.701,,0.004813333851827403
2.702,,0.0048683829684537504
2.703,,0.0049234345669007295
2.7039999999999997,,0.004978564688540644
2.705,,0.005033693778801678
2.706,,0.005088897906166515
2.707,,0.005144097530501592
2.707,,0.005199368704763154
2.708,,0.005254647084323344
2.709,,0.005309990569171445
2.711,,0.005365308198154979
2.711,,0.005427691773844042
2.711,,0.005497385996365289
2.713,,0.005567396546206041
2.718,,0.005637326994533748
2.718,,0.005707302812089993
2.718,,0.005777253327603004
2.718,,0.005847224992472809
2.719,,0.005917201148872159
2.723,,0.005987176844188265
2.723,,0.006057453185260517
2.723,,0.006127674012486577
2.723,,0.006198165661197043
2.727,,0.006268588365187126
2.74,,0.006339476626397287
2.74,,0.006410255950411007
2.74,,0.006481505403422094
2.74,,0.006552871471100601
2.74,,0.006624596310310423
2.74,,0.006697230857476995
2.74,,0.00677033970357324
2.74,,0.006843932790683961
2.74,,0.006917969941742353
2.74,,0.006992703849220252
2.74,,0.007067859943968892
2.74,,0.0071435496963990685
2.74,,0.007219819590150166
2.74,,0.0072966894357232885
2.74,,0.0073740891754102405
2.74,,0.007452027521418639
2.74,,0.007530494505110254
2.74,,0.007609527106542913
2.74,,0.007689074741151436
2.74,,0.00776915757348828
2.74,,0.007849807875844043
2.74,,0.00793099520675708
2.74,,0.008012810606047844
2.74,,0.00809513456938667
2.74,,0.008178049715773362
2.74,,0.00826148168974217
2.74,,0.008345512689901843
2.74,,0.008430046542753459
2.752,,0.008515162994544849
2.757,,0.008600784838452126
2.757,,0.008687002861964364
2.757,,0.008773716192402057
2.757,,0.008861010147915797
2.767,-0.00419549816,
2.7720000000000002,,0.008948803830828769
2.7720000000000002,,0.009037181272748352
2.7720000000000002,,0.009126051837895392
2.7720000000000002,,0.009215501398027513
2.7720000000000002,,0.009305446155869944
2.7720000000000002,,0.009395970644772182
2.7720000000000002,,0.009486917398468383
2.7720000000000002,,0.00957838895647598
2.7720000000000002,,0.009670381731589107
2.7720000000000002,,0.009762899904523642
2.7720000000000002,,0.009855946782892729
2.7720000000000002,,0.009949525052250153
2.7720000000000002,,0.010043636977403032
2.7720000000000002,,0.010138284552369176
2.7720000000000002,,0.010233469611997618
2.7720000000000002,,0.01032919391499135
2.7720000000000002,,0.010425459205614876
2.7720000000000002,,0.010522073400187728
2.7720000000000002,,0.01061959616263677
2.776,,0.010717947987544154
2.778,,0.010816430557524072
2.778,,0.010915453830220504
2.778,,0.011015023379088513
2.778,,0.011115143378879698
2.778,,0.011215817727452244
2.778,,0.011317050134331227
2.784,,0.01141884421064551
2.784,,0.01152120353647432
2.784,,0.011623927207830495
2.786,,0.011727608677550086
2.786,,0.011832162848441366
2.7880000000000003,,0.0119368563094562
2.7880000000000003,,0.012042123747875135
2.7880000000000003,,0.012147968594842065
2.7880000000000003,,0.012254405351987857
2.7880000000000003,,0.01236143462259999
2.7880000000000003,,0.012469062079216664
2.799,,0.01257729326524769
2.799,,0.012686134731862472
2.799,,0.01279536559463235
2.799,,0.012905638994191384
2.799,,0.013016862990386903
2.799,,0.013128236087931922
2.799,,0.013240236634206193
2.799,,0.013352872588861517
2.799,,0.013466152141704938
2.799,,0.013580083121999839
2.8,,0.013694673128325839
2.819,,0.013809929631408476
2.819,,0.013925186134491544
2.819,,0.0140421982441586
2.819,,0.014159791546647593
2.819,,0.014277993263446774
2.819,,0.014396846342382733
2.819,,0.01451636687226277
2.819,,0.014636574431275197
2.819,,0.014757485785544157
2.819,,0.014879077675295466
2.819,,0.015001406372646846
2.819,,0.015124218356858572
2.819,,0.015248126012186912
2.819,,0.015373052668090914
2.824,,0.015498448718197748
2.824,,0.015624449039184979
2.826,,0.01575138205097623
2.826,,0.01587920101451927
2.826,,0.01600765976837668
2.826,,0.01613686236123597
2.826,,0.016266850273121993
2.827,,0.016397704060621555
2.828,,0.016529213440046157
2.8289999999999997,,0.01666157324051426
2.8289999999999997,-0.00839099632,
2.83,,0.01679468625103822
2.833,,0.01692869299740818
2.833,,0.017063315679119204
2.833,,0.017198205664703085
2.833,,0.017333720761247805
2.835,,0.01746960160821308
2.836,,0.017606138185972738
2.8369999999999997,,0.017742832483036746
2.838,,0.017880084995715702
2.839,,0.01801770347091222
2.84,,0.01815576945013641
2.841,,0.01829410290503878
2.842,,0.018432714221380878
2.843,,0.01857177843804374
2.843,,0.018711242536723034
2.844,,0.018851069157174046
2.846,,0.01899121694244172
2.85,,0.019131858310165457
2.8529999999999998,,0.019266032737249906
2.8529999999999998,,0.019393353229123344
2.8529999999999998,,0.01952079113410029
2.8529999999999998,,0.019648834188956427
2.8529999999999998,,0.019777327803636554
2.8529999999999998,,0.01990633509127651
2.8529999999999998,,0.020035842184702717
2.8529999999999998,,0.020165954737433576
2.8529999999999998,,0.020296609524190816
2.8529999999999998,,0.020427861983199954
2.8529999999999998,,0.020559695859681197
2.859,,0.020692199870190303
2.862,,0.020825319966715102
2.862,,0.020959122624926357
2.862,,0.021093584730717513
2.863,,0.02122878687373446
2.864,,0.02136468217430646
2.867,,0.021501342277721755
2.867,,0.021638739285149672
2.867,,0.021776949830416788
2.871,,0.02191593215648328
2.871,,0.02205575989698548
2.871,,0.022196402269661804
2.871,,0.022337933966137414
2.871,,0.022480316668730807
2.877,,0.022623714548278287
2.877,,0.022767822260727395
2.877,,0.022911929973177675
2.877,,0.023056937191155282
2.877,,0.02320236584872133
2.877,,0.023348168092230392
2.882,,0.02349437312605857
2.882,,0.023641008471960226
2.882,,0.023788100448238498
2.882,,0.023935192424517113
2.886,,0.024083562966611315
2.886,,0.024232361837815578
2.886,,0.024381720596302846
2.886,,0.02453162052368252
2.887,,0.02468207969939057
2.888,,0.024833136295008634
2.8890000000000002,,0.024984820962004876
2.8890000000000002,,0.025137163362097682
2.891,,0.02528950576219099
2.892,,0.025443734596513452
2.892,-0.01678199264,
2.893,,0.02559847259395778
2.894,,0.02575393781176352
2.894,,0.025910115425224187
2.8970000000000002,,0.026067047274650593
2.8970000000000002,,0.02622477931540976
2.898,,0.02638333624558393
2.899,,0.026541893175758748
2.9,,0.02670277508895564
2.901,,0.02686441038029825
2.902,,0.02702686467998963
2.903,,0.027190515346668203
2.904,,0.027355369917199276
2.9050000000000002,,0.027520650992881184
2.906,,0.02768639042241588
2.907,,0.027852619120071687
2.908,,0.028019367057083584
2.909,,0.028186114994095894
2.91,,0.02835432835777537
2.911,,0.02852306337487384
2.912,,0.028692366275467788
2.9130000000000003,,0.028862278567830652
2.9130000000000003,,0.02903283819113095
2.9130000000000003,,0.0291930026498389
2.9130000000000003,,0.029350619607228838
2.9210000000000003,,0.029508236564619327
2.9210000000000003,,0.029667775746953808
2.9210000000000003,,0.029827982413633162
2.9210000000000003,,0.029988896804417062
2.9210000000000003,,0.030150568498490023
2.922,,0.030313041060150668
2.923,,0.030478242263560353
2.924,,0.030643790042407124
2.925,,0.030809725754626458
2.925,-0.02517298896,
2.926,,0.03097608927794405
2.9290000000000003,,0.031142918727001243
2.9290000000000003,,0.031310250537848076
2.9290000000000003,,0.03147758234869531
2.932,,0.03164640873374676
2.932,,0.031815741016963967
2.932,,0.03198563275143473
2.933,,0.032156131634053994
2.936,,0.032327280601511195
2.936,,0.0324984295689691
2.936,,0.0326715209202005
2.9370000000000003,,0.03284579938271403
2.9379999999999997,,0.033020677426172325
2.939,,0.033197182395959174
2.94,,0.033374159399409006
2.94,,0.033551626691538834
2.941,,0.033729627372895206
2.9459999999999997,,0.033908201171123774
2.9459999999999997,,0.034086774969352855
2.9459999999999997,,0.03425316623776669
2.9459999999999997,,0.034420022218573716
2.949,,0.03458738680065637
2.949,,0.034755592052239374
2.949,,0.034924386213687875
2.949,,0.03509318037513718
2.951,,0.035263752805321576
2.955,,0.03543490313773428
2.955,,0.03560743365805468
2.955,,0.035780598749272016
2.955,,0.035954147161541175
2.956,,0.03612913099217023
2.96,,0.03630512226961172
2.96,,0.03648111354705483
2.96,,0.0366587114815424
2.96,,0.03683697430286436
2.96,,0.037015964172912225
2.96,,0.0371995764070872
2.96,,0.03738635413894482
2.9699999999999998,,0.03757313187080521
2.9699999999999998,,0.03776092629327781
2.9699999999999998,,0.03794872071575193
2.9699999999999998,,0.03813684036659059
2.9699999999999998,,0.03832583467954435
2.9699999999999998,,0.0385154771354685
2.9699999999999998,,0.038705119591393805
2.9699999999999998,,0.03889626875486998
2.972,,0.039088404975010704
2.973,,0.03928385738966119
2.973,-0.02936848712,
2.974,,0.039479860689687236
2.975,,0.03967637039635923
2.976,,0.039872880103031916
2.977,,0.04007107006532707
2.9779999999999998,,0.04026974661174752
2.979,,0.04047212677099938
2.98,,0.04067502166541868
2.981,,0.04087834270101163
2.982,,0.04108166373660586
2.983,,0.04128769553252095
2.984,,0.041494111567783716
2.984,,0.041700976115250615
2.984,,0.04190550012435794
2.9859999999999998,,0.042105857352869015
2.9859999999999998,,0.04230621458138357
2.9859999999999998,,0.04250657180989812
2.993,,0.04270692903841267
2.993,,0.04290681328650062
2.993,,0.043106697534590975
2.993,,0.04331201721969202
2.995,,0.04351649870853013
2.995,,0.04372788292532133
3.002,,0.043937235270067876
3.002,,0.04414658761481442
3.002,,0.04435593995956097
3.002,,0.04456687621396815
3.002,,0.04477781246837885
3.002,,0.044988952251561326
3.002,,0.045200092034746064
3.005,,0.04541183903068988
3.005,,0.045623569698175104
3.005,,0.045839738108669766
3.005,,0.04606155606947058
3.009,,0.046282427119933536
3.009,,0.04650317596756939
3.009,,0.04672392481520664
3.01,,0.04694467366284388
3.01,,0.04716689290482803
3.01,,0.047389109407315604
3.01,,0.04761360358852351
3.014,,0.04783809404663177
3.015,,0.04806258450474139
3.015,-0.03775948344,
3.016,,0.048288235854499276
3.017,,0.04851388720425902
3.018,,0.04874083315258841
3.018,,0.04896777910092018
3.019,,0.04919509451179384
3.027,,0.049422409922669504
3.027,,0.04964487974069743
3.027,,0.04986697392245408
3.027,,0.05008871228691546
3.027,,0.050310450651378284
3.027,,0.05053207883197865
3.044,,0.050753901640318774
3.044,,0.05098304202171621
3.044,,0.051212182403119436
3.044,,0.05144132278452266
3.044,,0.051670463165925884
3.044,,0.051909453983345795
3.044,,0.05214589768977909
3.044,,0.05238234139621522
3.044,,0.05261878510265135
3.044,,0.052855228809087475
3.044,,0.0530916725155236
3.044,,0.053338415922312664
3.044,,0.05358431142260998
3.044,,0.0538328528586463
3.044,,0.05408139429468457
3.044,,0.054329935730722846
3.044,,0.05457847716676112
3.044,,0.05482701860279939
3.049,,0.055075560038837665
3.049,,0.05532709832326046
3.049,,0.055588682773082716
3.049,,0.055849154269965326
3.049,,0.056109625766847936
3.049,,0.056370097263730545
3.053,,0.056630568760613155
3.053,,0.056891040257495765
3.053,,0.057151511754378374
3.053,,0.05741755282502527
3.053,,0.05768552065162112
3.061,-0.04615047976,
3.063,,0.05795247133739245
3.063,,0.0582189137026078
3.063,,0.0584853560678227
3.063,,0.0587517984330376
3.063,,0.0590196843258922
3.063,,0.05929224756411308
3.063,,0.05956481080233813
3.063,,0.05983737404056318
3.076,,0.060109937278788224
3.077,,0.06038480171880441
3.077,,0.060664566159455244
3.077,,0.06094433060011227
3.077,,0.0612240950407693
3.077,,0.06150385948142632
3.077,,0.06178362392208335
3.077,,0.062063388362740377
3.077,,0.06235083257648427
3.077,,0.06263681315837726
3.077,,0.0629290212111752
3.09,,0.06322089898097091
3.09,,0.06351277675076662
3.09,,0.06380465452056233
3.09,,0.06410215652525855
3.09,,0.06439949059503465
3.09,,0.06470201016706299
3.09,,0.06500452973909882
3.09,,0.06530704931113464
3.09,,0.06560956888317046
3.09,,0.06591604824511517
3.09,,0.06622252760706707
3.09,,0.06653787817642207
3.09,,0.06685075498164986
3.09,,0.06716363178687765
3.09,,0.06748318800008604
3.09,,0.06780274421330239
3.09,,0.06812230042651873
3.09,,0.06844185663973508
3.09,,0.06876141285295143
3.09,,0.069085288192116
3.094,,0.0694079353638093
3.094,,0.0697367408769822
3.094,,0.07007081636691845
3.098,,0.07040468419486884
3.098,-0.05873697424,
3.099,,0.07073855202281923
3.1,,0.07107241985076962
3.1,,0.07140628767872001
3.1,,0.0717401555066704
3.103,,0.07207402333462079
3.103,,0.07240789116257118
3.104,,0.07274175899052157
3.106,,0.07307562681847196
3.106,,0.07341065598340626
3.108,,0.07374568514835013
3.112,,0.074080714313294
3.112,,0.07442953599953751
3.112,,0.07477519694791418
3.112,,0.07513148978917214
3.112,,0.07548474799964813
3.113,,0.07583800621012413
3.114,,0.07619126442060012
3.115,,0.07654452263107611
3.116,,0.0768977808415521
3.117,,0.077254295822766
3.122,,0.07761081080398619
3.122,,0.07796732578520638
3.122,,0.07832624429670298
3.122,,0.07867963819915805
3.122,,0.07903303210162438
3.124,,0.07938642600409071
3.133,,0.07974982641312098
3.133,,0.08012046193047348
3.133,,0.08049070790248414
3.133,,0.0808609538744948
3.133,,0.08123119984650545
3.133,,0.08160144581851611
3.133,,0.08197169179052677
3.133,,0.08234193776253743
3.133,,0.08271218373454808
3.133,,0.08308242970655874
3.138,,0.0834526756785694
3.138,,0.08382292165058006
3.138,,0.08419316762259071
3.138,,0.08456341359460137
3.142,,0.08493476049784425
3.142,,0.08530610740109895
3.142,,0.08567745430435365
3.142,,0.08606771881065453
3.142,,0.08645485963825307
3.142,,0.08684200046585161
3.145,,0.08723122660199722
3.146,,0.0876204527381497
3.147,,0.0880147506266782
3.148,,0.08840904851521184
3.149,,0.08880334640374547
3.15,,0.08919764429227911
3.15,-0.06712797056,
3.151,,0.08959754406387636
3.151,,0.09000164484486278
3.153,,0.09040574562586279
3.153,,0.0908098464068628
3.154,,0.0912139471878628
3.155,,0.09162927967609069
3.157,,0.09204504921105001
3.158,,0.09246081874600934
3.159,,0.09287658828096866
3.16,,0.09329235781592798
3.161,,0.09370812735088731
3.162,,0.09412389688584663
3.163,,0.09453966642080595
3.164,,0.09495543595576528
3.165,,0.0953712054907246
3.166,,0.09578697502568392
3.166,,0.09620274456064325
3.168,,0.09661851409560257
3.169,,0.09703923265550143
3.169,,0.09745995121541501
3.175,,0.09789149537636647
3.175,,0.09832040493608228
3.175,,0.09874931449579809
3.175,,0.0991782240555139
3.175,,0.09962210665586912
3.18,,0.10006564671480148
3.18,,0.10050918677373383
3.18,,0.10095272683266618
3.18,,0.10139626689159853
3.18,,0.10183980695053088
3.183,,0.10228334700946323
3.183,,0.10272688706839558
3.183,,0.10316590314801756
3.186,,0.10360491922763554
3.186,,0.10404393530725352
3.186,,0.1044941333535421
3.187,,0.10494378939296786
3.187,,0.10539344543239362
3.188,,0.10584310147181938
3.189,-0.08810546136,
3.19,,0.10629275751124515
3.191,,0.1067424135506709
3.192,,0.10719206959009667
3.193,,0.10764172562952243
3.194,,0.10809138166894819
3.195,,0.10854103770837395
3.196,,0.10899069374779971
3.197,,0.1094585249855438
3.198,,0.10991841744131899
3.199,,0.11037830989709417
3.2,,0.11085831012037363
3.201,,0.1113307002136591
3.202,,0.11180309030694456
3.203,,0.11227548040023003
3.204,,0.11274787049351549
3.205,,0.11322026058680096
3.205,,0.11369265068008642
3.207,,0.11416504077337189
3.209,,0.11463743086665736
3.211,,0.11510982095994282
3.214,,0.11558221105322829
3.214,,0.11605460114651375
3.214,,0.11652699123979922
3.214,,0.11699938133308468
3.214,,0.11747177142637015
3.214,,0.11794416151965562
3.214,,0.11841655161294108
3.217,,0.11891359366398666
3.218,,0.11940373988327908
3.219,,0.11989388610257151
3.222,,0.12038403232186394
3.222,,0.12087417854115637
3.222,,0.1213643247604488
3.223,,0.12185447097974123
3.224,,0.12234461719903365
3.225,,0.12283476341832608
3.226,,0.12332490963761851
3.227,,0.12381505585691094
3.228,,0.12430520207620337
3.229,,0.1247953482954958
3.23,,0.1253094361795715
3.231,,0.12580755240965769
3.231,,0.12630566863974388
3.232,-0.10069195584,
3.233,,0.12680378486983007
3.234,,0.12730190109991626
3.235,,0.12780001733000246
3.2359999999999998,,0.12829813356008865
3.237,,0.12879624979017484
3.238,,0.12929436602026104
3.239,,0.12979248225034723
3.24,,0.13029059848043342
3.241,,0.13078871471051962
3.242,,0.1312868309406058
3.243,,0.131784947170692
3.2439999999999998,,0.1322830634007782
3.245,,0.1327811796308644
3.251,,0.13327929586095058
3.251,,0.13377741209103677
3.251,,0.13427552832112297
3.251,,0.13477364455120916
3.251,,0.13527176078129535
3.251,,0.13576987701138155
3.2560000000000002,,0.13626799324146774
3.2560000000000002,,0.13676610947155393
3.2560000000000002,,0.13726422570164012
3.2560000000000002,,0.13776234193172632
3.2560000000000002,,0.1382604581618125
3.266,,0.1387585743918987
3.266,,0.1392566906219849
3.266,,0.1397548068520711
3.266,,0.14025292308215728
3.266,,0.14075103931224348
3.266,,0.14124915554232967
3.266,,0.14174727177241586
3.266,,0.14224538800250205
3.266,,0.14274350423258825
3.266,,0.14324162046267444
3.266,,0.14373973669276063
3.268,,0.14423785292284683
3.269,,0.14473596915293302
3.269,-0.12166944664,
3.27,,0.1452340853830192
3.271,,0.1457322016131054
3.271,,0.1462303178431916
3.2720000000000002,,0.1467284340732778
3.273,,0.1472180602487808
3.273,,0.14770124287233466
3.273,,0.1481844254958885
3.277,,0.14867719946956523
3.278,,0.14914548058093832
3.279,,0.14961376169231141
3.2800000000000002,,0.1500820428036845
3.281,,0.1505503239150576
3.285,,0.1510186050264307
3.285,,0.15148688613780378
3.285,,0.15195516724917688
3.285,,0.15242344836054997
3.289,,0.15289172947192306
3.289,,0.15336001058329615
3.289,,0.15382829169466924
3.289,,0.15429657280604234
3.295,,0.15476485391741543
3.295,,0.15523313502878852
3.295,,0.1557014161401616
3.295,,0.1561696972515347
3.295,,0.1566379783629078
3.295,,0.1571062594742809
3.295,,0.15757454058565398
3.299,,0.15804282169702707
3.299,,0.15851110280840017
3.299,,0.15897938391977326
3.299,,0.15944766503114635
3.303,,0.15991594614251944
3.303,,0.16038422725389254
3.303,,0.16085250836526563
3.303,,0.16132078947663872
3.303,,0.1617890705880118
3.303,,0.1622573516993849
3.31,,0.162725632810758
3.31,,0.1631939139221311
3.31,,0.16366219503350418
3.31,,0.16413047614487727
3.311,,0.16459875725625037
3.311,,0.16506703836762346
3.312,,0.16553531947899655
3.314,,0.16600360059036964
3.314,,0.16647188170174274
3.315,-0.14264693744,
3.315,,0.16694016281311583
3.316,,0.16740844392448892
3.318,,0.167876725035862
3.319,,0.1683450061472351
3.32,,0.1688132872586082
3.32,,0.1692815683699813
3.321,,0.16974984948135438
3.321,,0.17021813059272747
3.321,,0.17068641170410057
3.328,,0.17115469281547366
3.328,,0.17162297392684675
3.328,,0.17209125503821984
3.328,,0.17255953614959293
3.328,,0.17302781726096603
3.33,,0.17349609837233912
3.33,,0.1739643794837122
3.336,,0.1744326605950853
3.336,,0.1749009417064584
3.336,,0.1753692228178315
3.336,,0.17583750392920458
3.336,,0.17630578504057767
3.336,,0.17677406615195077
3.336,,0.17724234726332386
3.336,,0.17771062837469695
3.336,,0.17817890948607004
3.343,,0.17864719059744313
3.343,,0.17911547170881623
3.343,,0.17958375282018932
3.347,,0.1800520339315624
3.347,,0.1805203150429355
3.347,,0.1809885961543086
3.347,,0.1814568772656817
3.351,,0.18192515837705478
3.351,,0.18239343948842787
3.351,,0.18286172059980096
3.351,,0.18333000171117406
3.356,,0.18379828282254715
3.356,,0.18426656393392024
3.356,,0.18473484504529333
3.356,,0.18520312615666643
3.356,,0.18567140726803952
3.357,,0.1861396883794126
3.358,,0.1866079694907857
3.359,,0.1870762506021588
3.36,,0.1875445317135319
3.3609999999999998,,0.18801281282490498
3.3609999999999998,-0.16362442824,
3.362,,0.18848109393627807
3.363,,0.18894937504765116
3.364,,0.18941765615902426
3.365,,0.18988593727039735
3.366,,0.19035421838177044
3.367,,0.19082249949314353
3.367,,0.19129078060451662
3.372,,0.19175906171588972
3.372,,0.1922273428272628
3.372,,0.1926956239386359
3.372,,0.193163905050009
3.376,,0.19363218616138209
3.379,,0.19410046727275518
3.379,,0.19456874838412827
3.379,,0.19503702949550136
3.379,,0.19550531060687446
3.379,,0.19597359171824755
3.379,,0.19644187282962064
3.382,,0.19691015394099373
3.382,,0.19737843505236682
3.382,,0.19784671616373992
3.386,,0.198314997275113
3.386,,0.1987832783864861
3.386,,0.1992515594978592
3.386,,0.19971984060923229
3.386,,0.20018812172060538
3.391,,0.20065640283197847
3.391,,0.20112468394335156
3.391,,0.20159296505472465
3.391,,0.20206124616609775
3.391,,0.20252952727747084
3.391,,0.20299780838884393
3.391,,0.20346608950021702
3.391,,0.20393437061159012
3.396,,0.2044026517229632
3.3970000000000002,,0.2048709328343363
3.398,,0.2053392139457094
3.398,-0.18460191904,
3.399,,0.20580749505708248
3.4,,0.20627577616845558
3.401,,0.20674405727982867
3.402,,0.20721233839120176
3.403,,0.20768061950257485
3.404,,0.20814890061394795
3.404,,0.20861718172532104
3.4050000000000002,,0.20908546283669413
3.406,,0.20955374394806722
3.407,,0.21002202505944031
3.409,,0.2104903061708134
3.41,,0.2109585872821865
3.411,,0.2114268683935596
3.411,,0.21189514950493268
3.413,,0.21236343061630578
3.413,,0.21283171172767887
3.415,,0.21329999283905196
3.421,,0.21376827395042505
3.421,,0.21423655506179815
3.421,,0.21470483617317124
3.421,,0.21517311728454433
3.421,,0.21564139839591742
3.421,,0.21610967950729051
3.421,,0.2165779606186636
3.425,,0.2170462417300367
3.425,,0.2175145228414098
3.425,,0.21798280395278288
3.428,,0.21845108506415598
3.428,,0.21891936617552907
3.428,,0.21938764728690216
3.429,,0.21985592839827525
3.429,,0.22032420950964834
3.429,,0.22079249062102144
3.429,,0.22126077173239453
3.43,,0.22172905284376762
3.43,,0.2221973339551407
3.43,,0.2226656150665138
3.43,,0.2231338961778869
3.43,,0.22360217728926
3.438,,0.22407045840063308
3.439,,0.22453873951200617
3.44,,0.22500702062337927
3.441,,0.22547530173475236
3.442,,0.22594358284612545
3.442,-0.20138391168,
3.443,,0.22682890836481015
3.444,,0.2276517979020156
3.445,,0.22847511589952907
3.446,,0.22929843389704255
3.447,,0.23012175189455603
3.448,,0.2309450698920695
3.448,,0.23176838788958298
3.452,,0.23259170588709646
3.452,,0.23341502388460994
3.452,,0.23423834188212342
3.455,,0.2350616598796369
3.455,,0.23588497787715038
3.455,,0.23670829587466385
3.456,,0.2375285197431821
3.457,,0.23834998381763803
3.457,,0.23917144789209396
3.457,,0.2399929119665499
3.457,,0.24081437604100583
3.457,,0.24163584011546177
3.459,,0.2424573041899177
3.459,,0.24327876826437364
3.459,,0.24409950262753288
3.459,,0.24492037316020548
3.459,,0.2457412436928781
3.459,,0.2465621142255507
3.459,,0.2473829847582233
3.473,,0.2482038552908959
3.473,,0.24902503568405665
3.473,,0.2498462465188904
3.473,,0.25066745735372414
3.473,,0.25148779488639184
3.476,,0.2523081324190595
3.476,,0.2531284699517272
3.476,,0.2539488074843949
3.476,,0.2547691450170626
3.4779999999999998,,0.2555894825497303
3.479,,0.256409820082398
3.479,-0.22236140248,
3.48,,0.25722863412511343
3.481,,0.2580474758208454
3.482,,0.2588663175165774
3.483,,0.2596851592123094
3.484,,0.2605040009080414
3.497,,0.0
3.5,,0.0
3.5,,0.0
3.5,,0.0
3.5,,0.0
3.5,,0.0
3.5,,0.0
3.5,,0.0
3.5,,0.0
3.5,,0.0
3.5,,0.0
3.5,,0.0
3.5,,0.0
3.5,,0.0
3.5,,0.0
3.5,,0.0
3.503,,0.0
3.503,,0.0
3.503,,0.0
3.504,,0.0
3.505,,0.0
3.5060000000000002,,0.0
3.507,,0.0
3.508,,0.0
3.509,,0.0
3.51,,0.0
3.51,,0.0
3.511,,0.0
3.511,,0.0
3.5140000000000002,,0.0
3.517,,0.0
3.517,,0.0
3.517,,0.0
3.517,,0.0
3.519,,0.0
3.519,,0.0
3.5300000000000002,,0.0
3.5300000000000002,,0.0
3.5300000000000002,,0.0
3.534,,0.0
3.534,,0.0
3.534,,0.0
3.534,,0.0
3.534,,0.0
3.534,,0.0
3.534,,0.0
3.534,,0.0
3.534,,0.0
3.534,,0.0
3.536,,0.0
3.544,,0.0
3.544,,0.0
3.544,,0.0
3.544,,0.0
3.544,,0.0
3.544,,0.0
3.544,,0.0
3.544,,0.0
3.544,,0.0
3.544,,0.0
3.547,,0.0
3.547,,0.0
3.547,,0.0
3.551,,0.0
3.551,,0.0
3.551,,0.0
3.551,,0.0
3.552,,0.0
3.558,,0.0
3.558,,0.0
3.558,,0.0
3.558,,0.0
3.558,,0.0
3.558,,0.0
3.559,,0.0
3.566,,0.0
3.567,,0.0
3.567,,0.0
3.567,,0.0
3.567,,0.0
3.567,,0.0
3.567,,0.0
3.567,,0.0
3.5709999999999997,,0.0
3.5709999999999997,,0.0
3.5709999999999997,,0.0
3.5709999999999997,,0.0
3.574,,0.0
3.574,,0.0
3.574,,0.0
3.575,,0.0
3.5789999999999997,,0.0
3.58,,0.0
3.58,,0.0
3.58,,0.0
3.58,,0.0
3.5869999999999997,0.0,
3.598,,0.0
3.598,,0.0
3.598,,0.0
3.598,,0.0
3.598,,0.0
3.598,,0.0
3.598,,0.0
3.598,,0.0
3.598,,0.0
3.598,,0.0
3.598,,0.0
3.598,,0.0
3.598,,0.0
3.598,,0.0
3.598,,0.0
3.598,,0.0
3.598,,0.0
3.598,,0.0
3.599,,0.0
3.6,,0.0
3.601,,0.0
3.602,,0.0
3.6029999999999998,,0.0
3.604,,0.0
3.605,,0.0
3.606,,0.0
3.613,,0.0
3.613,,0.0
3.613,,0.0
3.613,,0.0
3.613,,0.0
3.613,,0.0
3.613,,0.0
3.614,,0.0
3.614,,0.0
3.614,,0.0
3.614,,0.0
3.627,,0.0
3.627,,0.0
3.627,,0.0
3.627,,0.0
3.627,,0.0
3.627,,0.0
3.627,,0.0
3.627,,0.0
3.627,,0.0
3.627,,0.0
3.627,,0.0
3.627,,0.0
3.627,,0.0
3.627,,0.0
3.634,,0.0
3.634,,0.0
3.634,,0.0
3.634,,0.0
3.636,,0.0
3.637,,0.0
3.638,,0.0
3.6390000000000002,,0.0
3.64,,0.0
3.641,,0.0
3.642,,0.0
3.643,,0.0
3.643,0.0,
3.644,,0.0
3.645,,0.0
3.645,,0.0
3.6470000000000002,,8.902972920200592e-05
3.6470000000000002,,0.00017853373003328632
3.648,,0.0002585300652964445
3.65,,0.0003337110715868156
3.651,,0.0004039452650236407
3.652,,0.0004698931550448696
3.653,,0.0005247219651743164
3.654,,0.0005791135476804016
3.6550000000000002,,0.0006337674844221728
3.656,,0.0006886452176646684
3.656,,0.0007436623092711351
3.658,,0.000798826728096565
3.658,,0.000854164389569275
3.66,,0.0009097446360334401
3.666,,0.0009655677087956814
3.666,,0.0010216493106815529
3.666,,0.0010779824990237448
3.666,,0.0011346095553475496
3.666,,0.0011915233411711648
3.666,,0.0012487631550930516
3.666,,0.0013063480925532116
3.666,,0.0013642976323273975
3.666,,0.001422629566174143
3.666,,0.0014813628509052698
3.666,,0.0015405157173926055
3.6710000000000003,,0.0016001051494730534
3.6710000000000003,,0.001659984137961636
3.677,,0.001720642265688911
3.677,,0.0017820619361929532
3.677,,0.001843660864877636
3.677,,0.0019056886334924007
3.681,,0.0019674407417944045
3.681,,0.002029088589303084
3.681,,0.0020907184022180515
3.681,,0.0021523678533480833
3.685,,0.002213909191597992
3.685,,0.0022754511251516407
3.685,,0.002336984620255778
3.685,,0.00239856120027726
3.685,,0.0024601502338507694
3.685,,0.0025218284079605775
3.685,,0.0025835436493527523
3.685,,0.0026453695969229285
3.693,,0.0027072919311348443
3.693,,0.0027693736425937958
3.693,,0.0028315602726517084
3.693,,0.002893932888954612
3.693,,0.0029564732458690216
3.695,,0.0030192416324424315
3.6959999999999997,,0.003082190031962608
3.697,,0.003145399605521989
3.697,0.0,
3.698,,0.0032088456288735406
3.699,,0.003272590193426838
3.7,,0.003336591354566952
3.7,,0.0034009279787703605
3.702,,0.0034655706654164765
3.703,,0.003530584324863094
3.7039999999999997,,0.003595931034974444
3.705,,0.00366168723730453
3.706,,0.0037278209376152235
3.707,,0.0037943995131103298
3.708,,0.0038613873818666346
3.709,,0.0039288591514606746
3.71,,0.0039967816870812465
3.711,,0.004064399236702725
3.7119999999999997,,0.004132433194092462
3.7119999999999997,,0.004200212436275148
3.714,,0.004256596047539846
3.715,,0.004309636902292646
3.716,,0.004362624412986708
3.717,,0.0044155780250314264
3.726,,0.004468518546612999
3.726,,0.004521467701108321
3.726,,0.004574433016816732
3.726,,0.004627495493560022
3.726,,0.004680675684782137
3.726,,0.004733914678657442
3.726,,0.004787245398186878
3.726,,0.004840796227014152
3.726,,0.004894546063291534
3.727,,0.004948443202550912
3.7279999999999998,,0.005002543803498431
3.729,,0.005056949969829227
